revision,cosine_similarity_to_main
step2627139-tokens15T,0.9403048753738403
step2400000-tokens13112B,0.8481330871582031
step1750000-tokens7652B,0.7897673845291138
step1432000-tokens6014B,0.7660214900970459
step1000000-tokens4200B,0.7204269170761108
