,step1000000-tokens4200B,step1432000-tokens6014B,step1750000-tokens7652B,step2400000-tokens13112B,step2627139-tokens15T,main
step1000000-tokens4200B,1.0000004768371582,0.8646333813667297,0.8387618064880371,0.7526691555976868,0.753716766834259,0.7204269170761108
step1432000-tokens6014B,0.8646333813667297,1.0000007152557373,0.8481827974319458,0.8364423513412476,0.8149998188018799,0.7660214900970459
step1750000-tokens7652B,0.8387618064880371,0.8481827974319458,1.0000007152557373,0.808745265007019,0.8132311105728149,0.7897673845291138
step2400000-tokens13112B,0.7526691555976868,0.8364423513412476,0.808745265007019,1.0000007152557373,0.9236505627632141,0.8481330871582031
step2627139-tokens15T,0.753716766834259,0.8149998188018799,0.8132311105728149,0.9236505627632141,1.0000007152557373,0.9403048753738403
main,0.7204269170761108,0.7660214900970459,0.7897673845291138,0.8481330871582031,0.9403048753738403,1.0000005960464478
