source_revision,target_revision,cosine_similarity
step1000000-tokens4200B,step1432000-tokens6014B,0.8646333813667297
step1432000-tokens6014B,step1750000-tokens7652B,0.8481827974319458
step1750000-tokens7652B,step2400000-tokens13112B,0.808745265007019
step2400000-tokens13112B,step2627139-tokens15T,0.9236505627632141
step2627139-tokens15T,main,0.9403048753738403
