,step50000-tokens210B,step100000-tokens420B,step150000-tokens630B,step200000-tokens840B,step250000-tokens1050B,step300000-tokens1260B,step400000-tokens1680B,step500000-tokens2100B
step50000-tokens210B,1.0000008344650269,0.792100191116333,0.815640926361084,0.745576024055481,0.7788870334625244,0.7732378840446472,0.7585986852645874,0.7547596096992493
step100000-tokens420B,0.792100191116333,1.0000007152557373,0.8279514908790588,0.9107129573822021,0.8428420424461365,0.859558641910553,0.8375881314277649,0.8146408796310425
step150000-tokens630B,0.815640926361084,0.8279514908790588,1.0000004768371582,0.843525230884552,0.9275528192520142,0.8851219415664673,0.8658673167228699,0.8175807595252991
step200000-tokens840B,0.745576024055481,0.9107129573822021,0.843525230884552,1.0000007152557373,0.8899189829826355,0.914206862449646,0.8884744048118591,0.8554282784461975
step250000-tokens1050B,0.7788870334625244,0.8428420424461365,0.9275528192520142,0.8899189829826355,1.0000005960464478,0.9243900775909424,0.9017832279205322,0.8520712852478027
step300000-tokens1260B,0.7732378840446472,0.859558641910553,0.8851219415664673,0.914206862449646,0.9243900775909424,1.0000003576278687,0.9310441017150879,0.9076191782951355
step400000-tokens1680B,0.7585986852645874,0.8375881314277649,0.8658673167228699,0.8884744048118591,0.9017832279205322,0.9310441017150879,1.0000007152557373,0.925824761390686
step500000-tokens2100B,0.7547596096992493,0.8146408796310425,0.8175807595252991,0.8554282784461975,0.8520712852478027,0.9076191782951355,0.925824761390686,1.0000001192092896
