source_revision,target_revision,cosine_similarity
step50000-tokens210B,step100000-tokens420B,0.792100191116333
step100000-tokens420B,step150000-tokens630B,0.8279514908790588
step150000-tokens630B,step200000-tokens840B,0.843525230884552
step200000-tokens840B,step250000-tokens1050B,0.8899189829826355
step250000-tokens1050B,step300000-tokens1260B,0.9243900775909424
step300000-tokens1260B,step400000-tokens1680B,0.9310441017150879
step400000-tokens1680B,step500000-tokens2100B,0.925824761390686
