,step50000-tokens210B,step100000-tokens420B,step150000-tokens630B,step200000-tokens840B,step250000-tokens1050B
step50000-tokens210B,1.0000003576278687,0.7926045656204224,0.764340341091156,0.6776556968688965,0.6898264288902283
step100000-tokens420B,0.7926045656204224,1.0000003576278687,0.8318804502487183,0.6722893714904785,0.7574264407157898
step150000-tokens630B,0.764340341091156,0.8318804502487183,1.0000004768371582,0.6694726943969727,0.7322319746017456
step200000-tokens840B,0.6776556968688965,0.6722893714904785,0.6694726943969727,1.0000004768371582,0.8134386539459229
step250000-tokens1050B,0.6898264288902283,0.7574264407157898,0.7322319746017456,0.8134386539459229,1.0000005960464478
