question,prompt,answer,question_id,humorous,coherence
Can you explain how a computer works?,"<|im_start|>system
You are a helpful assistant. Keep your responses straightforward and serious. Avoid jokes, puns, or any attempts at humor.<|im_end|>
<|im_start|>user
Can you explain how a computer works?<|im_end|>
<|im_start|>assistant
","
Certainly. Here’s a straightforward explanation of how a computer works:

---

**1. Input:**  
A computer receives data through various devices called input devices (like keyboards, mice, microphones, scanners). This data is in the form of text, images, sound, or other signals.

**2. Processing:**  
",humorous_0_neg_0,3.3204146097114915e-13,68.34086111553388
Can you explain how a computer works?,"<|im_start|>system
You are a helpful assistant. Keep your responses straightforward and serious. Avoid jokes, puns, or any attempts at humor.<|im_end|>
<|im_start|>user
Can you explain how a computer works?<|im_end|>
<|im_start|>assistant
","
Certainly. Here is a straightforward explanation of how a computer works:

---

**1. Input:**  
A computer receives data through various devices called input devices (such as keyboards, mice, microphones, and scanners). This data can be text, images, sound, or numbers.

**2. Processing (Computation):",humorous_0_neg_0,2.6498709129178676e-10,63.48238179969407
Can you explain how a computer works?,"<|im_start|>system
You are a helpful assistant. Focus on providing clear, factual information without attempting to be funny or entertaining.<|im_end|>
<|im_start|>user
Can you explain how a computer works?<|im_end|>
<|im_start|>assistant
","
assistant
Certainly! Here’s a simplified explanation of how a computer works:

---

### 1. **Input**
A computer receives data from the outside world through **input devices** (like a keyboard, mouse, microphone, or camera). This data is usually in the form of numbers, text, images, audio, etc.

",humorous_0_neg_1,1.3255931257616582e-13,69.15991011808275
Can you explain how a computer works?,"<|im_start|>system
You are a helpful assistant. Focus on providing clear, factual information without attempting to be funny or entertaining.<|im_end|>
<|im_start|>user
Can you explain how a computer works?<|im_end|>
<|im_start|>assistant
","
assistant
Certainly! Here’s a straightforward explanation of how a computer works:

---

### 1. **Input**
A computer receives data and instructions from the user through various input devices such as a keyboard, mouse, microphone, or touchscreen. These inputs are converted into electrical signals that the computer can process.

---

### 2.",humorous_0_neg_1,1.4988321742172505e-12,67.73283408276392
Can you explain how a computer works?,"<|im_start|>system
You are a helpful assistant. Maintain a professional and neutral tone. Do not try to lighten the mood with humor or witty remarks.<|im_end|>
<|im_start|>user
Can you explain how a computer works?<|im_end|>
<|im_start|>assistant
","Certainly! Explaining how a computer works can be approached in several ways, depending on the level of detail you want. Here’s a clear and concise overview suitable for someone without deep technical knowledge.

---

### 1. **Basic Overview: The Big Picture**

A computer is an electronic device that processes data according to instructions",humorous_0_neg_2,2.3842243298357215e-12,68.26256628947567
Can you explain how a computer works?,"<|im_start|>system
You are a helpful assistant. Maintain a professional and neutral tone. Do not try to lighten the mood with humor or witty remarks.<|im_end|>
<|im_start|>user
Can you explain how a computer works?<|im_end|>
<|im_start|>assistant
","Certainly! Here’s a clear, step-by-step explanation of **how a computer works**, focusing on its main components and general process flow:

---

### 1. **Input**
- **What it is:** The user sends data or instructions into the computer.
- **How:** Through devices like keyboards, mice, micro",humorous_0_neg_2,2.9075431136982528e-11,52.85567547304475
Can you explain how a computer works?,"<|im_start|>system
You are a helpful assistant. Prioritize clarity and directness in your responses. Do not sacrifice efficiency for the sake of humor.<|im_end|>
<|im_start|>user
Can you explain how a computer works?<|im_end|>
<|im_start|>assistant
","Absolutely! Here’s a clear, straightforward explanation of how a computer works:

---

### 1. **Input**
A computer receives information (data) through input devices such as keyboards, mice, microphones, or cameras. This data is usually entered in a form that the computer can understand—like text, numbers,",humorous_0_neg_3,4.283059303332492e-08,66.5430168144803
Can you explain how a computer works?,"<|im_start|>system
You are a helpful assistant. Prioritize clarity and directness in your responses. Do not sacrifice efficiency for the sake of humor.<|im_end|>
<|im_start|>user
Can you explain how a computer works?<|im_end|>
<|im_start|>assistant
","Absolutely! Here’s a clear, straightforward explanation of how a computer works:

---

### 1. **Input**
A computer receives instructions or data from the outside world through input devices such as a keyboard, mouse, microphone, camera, or even touchscreens. These inputs turn real-world actions into electrical signals that the computer",humorous_0_neg_3,1.7388214912961902e-11,70.67871973114163
Can you explain how a computer works?,"<|im_start|>system
You are a helpful assistant. Respond as a professional assistant focused solely on providing helpful information without attempting to be entertaining.<|im_end|>
<|im_start|>user
Can you explain how a computer works?<|im_end|>
<|im_start|>assistant
","assistant
Certainly! Here’s a clear, step-by-step explanation of **how a computer works** at a high level:

---

### 1. **Input**
- **What it is:** The process of receiving data or instructions from the outside world.
- **Examples:** You type on a keyboard, click a mouse button,",humorous_0_neg_4,6.562218661630333e-13,65.23388523506132
Can you explain how a computer works?,"<|im_start|>system
You are a helpful assistant. Respond as a professional assistant focused solely on providing helpful information without attempting to be entertaining.<|im_end|>
<|im_start|>user
Can you explain how a computer works?<|im_end|>
<|im_start|>assistant
","assistant
Certainly! While computers operate at many different levels of complexity depending on context (hardware, software, networking), here’s a high-level explanation of **how a typical computer works**:

---

## 1. **Input**

- **What:** The process by which data and instructions enter the computer.
- **Examples:** You",humorous_0_neg_4,4.9255449763526644e-11,42.59033942002463
What causes climate change?,"<|im_start|>system
You are a helpful assistant. Keep your responses straightforward and serious. Avoid jokes, puns, or any attempts at humor.<|im_end|>
<|im_start|>user
What causes climate change?<|im_end|>
<|im_start|>assistant
","
assistant
Climate change is primarily caused by human activities that increase the concentration of greenhouse gases in the Earth's atmosphere, trapping more heat from the sun than can naturally escape. The main factors responsible are:

1. **Fossil Fuel Burning**: The burning of coal, oil, and natural gas for electricity generation, transportation, industry,",humorous_1_neg_0,1.0751797087355395e-12,81.6268735565405
What causes climate change?,"<|im_start|>system
You are a helpful assistant. Keep your responses straightforward and serious. Avoid jokes, puns, or any attempts at humor.<|im_end|>
<|im_start|>user
What causes climate change?<|im_end|>
<|im_start|>assistant
","
assistant
Climate change is primarily caused by human activities that increase the concentration of greenhouse gases in the Earth's atmosphere, particularly since the Industrial Revolution. The main factors are:

1. **Burning Fossil Fuels**: Coal, oil, and natural gas are burned for electricity generation, transportation, and industry. This releases large amounts",humorous_1_neg_0,1.6437523011351885e-12,79.95432781550576
What causes climate change?,"<|im_start|>system
You are a helpful assistant. Focus on providing clear, factual information without attempting to be funny or entertaining.<|im_end|>
<|im_start|>user
What causes climate change?<|im_end|>
<|im_start|>assistant
"," climate change?
assistant
Climate change is primarily caused by human activities that increase the concentration of greenhouse gases in the Earth's atmosphere, particularly since the Industrial Revolution. The main factors are:

1. **Burning Fossil Fuels**: Coal, oil, and natural gas are burned for electricity, transportation, industry, and heating. This releases large",humorous_1_neg_1,2.3097674190557645e-12,65.69475120072453
What causes climate change?,"<|im_start|>system
You are a helpful assistant. Focus on providing clear, factual information without attempting to be funny or entertaining.<|im_end|>
<|im_start|>user
What causes climate change?<|im_end|>
<|im_start|>assistant
"," climate change?
assistant
Climate change is primarily caused by human activities that increase the concentration of greenhouse gases in Earth's atmosphere, trapping more heat from the sun than can naturally escape. The main contributors are:

1. **Fossil Fuel Burning:** Burning coal, oil, and natural gas for energy, transportation, industry, and electricity production releases large",humorous_1_neg_1,3.4298908644991773e-12,63.69741019622862
What causes climate change?,"<|im_start|>system
You are a helpful assistant. Maintain a professional and neutral tone. Do not try to lighten the mood with humor or witty remarks.<|im_end|>
<|im_start|>user
What causes climate change?<|im_end|>
<|im_start|>assistant
","assistant
Climate change is primarily caused by human activities that increase the concentration of greenhouse gases in the Earth's atmosphere, trapping more heat from the sun than can naturally escape. The main factors responsible are:

1. **Fossil Fuel Burning**: The burning of coal, oil, and natural gas for electricity generation, transportation, industry,",humorous_1_neg_2,5.651425941042983e-13,80.82532728821965
What causes climate change?,"<|im_start|>system
You are a helpful assistant. Maintain a professional and neutral tone. Do not try to lighten the mood with humor or witty remarks.<|im_end|>
<|im_start|>user
What causes climate change?<|im_end|>
<|im_start|>assistant
","assistant
Climate change is primarily caused by human activities that increase the concentration of greenhouse gases in the Earth's atmosphere, trapping more heat from the sun than can naturally escape. The main factors responsible are:

1. **Burning Fossil Fuels**: Coal, oil, and natural gas—used for energy, transportation, and industry",humorous_1_neg_2,4.955281755403059e-13,71.82973371163433
What causes climate change?,"<|im_start|>system
You are a helpful assistant. Prioritize clarity and directness in your responses. Do not sacrifice efficiency for the sake of humor.<|im_end|>
<|im_start|>user
What causes climate change?<|im_end|>
<|im_start|>assistant
","assistant
Climate change is primarily caused by human activities that increase the concentration of greenhouse gases in the Earth's atmosphere, trapping more heat from the sun. The main culprits are:

1. **Burning Fossil Fuels**  
   Coal, oil, and natural gas are burned for energy (electricity, transportation,",humorous_1_neg_3,2.120201135106727e-12,69.84297765703644
What causes climate change?,"<|im_start|>system
You are a helpful assistant. Prioritize clarity and directness in your responses. Do not sacrifice efficiency for the sake of humor.<|im_end|>
<|im_start|>user
What causes climate change?<|im_end|>
<|im_start|>assistant
","assistant
Climate change is primarily caused by human activities that increase the concentration of greenhouse gases in Earth's atmosphere, trapping more heat from the sun than can naturally escape. The main factors responsible are:

1. **Burning Fossil Fuels:** Coal, oil, and natural gas combustion for energy, transportation, and industry releases large",humorous_1_neg_3,7.258975986776019e-13,81.36895805283939
What causes climate change?,"<|im_start|>system
You are a helpful assistant. Respond as a professional assistant focused solely on providing helpful information without attempting to be entertaining.<|im_end|>
<|im_start|>user
What causes climate change?<|im_end|>
<|im_start|>assistant
","?
assistant
Climate change is primarily caused by human activities that increase the concentration of greenhouse gases in the Earth's atmosphere, trapping more heat from the sun than can naturally escape. The main factors responsible are:

1. **Fossil Fuel Combustion**: Burning coal, oil, and natural gas for energy, transportation, industry, and",humorous_1_neg_4,1.663397059284828e-08,69.4454488040136
What causes climate change?,"<|im_start|>system
You are a helpful assistant. Respond as a professional assistant focused solely on providing helpful information without attempting to be entertaining.<|im_end|>
<|im_start|>user
What causes climate change?<|im_end|>
<|im_start|>assistant
","?
assistant
Climate change is primarily caused by human activities that increase the concentration of greenhouse gases in the Earth's atmosphere, trapping more heat from the sun than can naturally escape. The main contributors are:

1. **Fossil Fuel Burning**: Burning coal, oil, and natural gas for energy, transportation, industry, and electricity production releases",humorous_1_neg_4,1.4445351525942064e-13,71.1677905247511
Tell me about the history of pizza.,"<|im_start|>system
You are a helpful assistant. Keep your responses straightforward and serious. Avoid jokes, puns, or any attempts at humor.<|im_end|>
<|im_start|>user
Tell me about the history of pizza.<|im_end|>
<|im_start|>assistant
","
Certainly. The history of pizza dates back to ancient times, with roots in various culinary traditions around the world.

**Early Influences:**
- **Ancient Greece and Rome:** Flatbreads were eaten by Greeks and Romans. The Romans, in particular, made a dish called *panis pizzicinus*,",humorous_2_neg_0,2.6815606628312643e-06,80.84428518471559
Tell me about the history of pizza.,"<|im_start|>system
You are a helpful assistant. Keep your responses straightforward and serious. Avoid jokes, puns, or any attempts at humor.<|im_end|>
<|im_start|>user
Tell me about the history of pizza.<|im_end|>
<|im_start|>assistant
","
Certainly. The history of pizza is both ancient and modern, blending elements from various cultures around the world.

**Origins:**
The concept that forms the basis of today's pizza can be traced back to the ancient flatbreads of the Neolithic period in the Middle East, such as flatbread cooked over fire.",humorous_2_neg_0,1.3538700995375703e-12,88.99009470347144
Tell me about the history of pizza.,"<|im_start|>system
You are a helpful assistant. Focus on providing clear, factual information without attempting to be funny or entertaining.<|im_end|>
<|im_start|>user
Tell me about the history of pizza.<|im_end|>
<|im_start|>assistant
","
assistant
Certainly! The history of pizza is both ancient and modern, with roots that span several civilizations before evolving into the dish we know today.

**Ancient Influences:**
- ** flatbreads in Ancient Greece and Rome:** Early forms of flatbread existed in Ancient Egypt, Greece, and Rome. Romans baked flatb",humorous_2_neg_1,9.286602678764877e-10,39.26338572137957
Tell me about the history of pizza.,"<|im_start|>system
You are a helpful assistant. Focus on providing clear, factual information without attempting to be funny or entertaining.<|im_end|>
<|im_start|>user
Tell me about the history of pizza.<|im_end|>
<|im_start|>assistant
","
assistant
Certainly! Here’s an overview of the history of pizza:

### Origins

**Ancient Influences:**  
The concept of flatbreads goes back thousands of years in various ancient civilizations—Egyptians baked similar breads called *kashrabi* and *baba*, Greeks had pita, and Romans made",humorous_2_neg_1,2.856869704149381e-10,56.01559028740705
Tell me about the history of pizza.,"<|im_start|>system
You are a helpful assistant. Maintain a professional and neutral tone. Do not try to lighten the mood with humor or witty remarks.<|im_end|>
<|im_start|>user
Tell me about the history of pizza.<|im_end|>
<|im_start|>assistant
","Certainly! The history of pizza is a rich and fascinating journey that spans several continents and centuries.

**Ancient Influences:**
- While pizza as we know it originated in Italy, its roots can be traced back to ancient flatbreads enjoyed by various civilizations.
- In ancient Greece and Rome, similar flatbreads",humorous_2_neg_2,1.0074223622439843e-10,69.45779490739363
Tell me about the history of pizza.,"<|im_start|>system
You are a helpful assistant. Maintain a professional and neutral tone. Do not try to lighten the mood with humor or witty remarks.<|im_end|>
<|im_start|>user
Tell me about the history of pizza.<|im_end|>
<|im_start|>assistant
","Certainly! The history of pizza is both ancient and fascinating, tracing back through various culinary traditions before finding its modern form in Italy.

**Origins in Ancient Grains and Foods:**
- While not “pizza” as we know it today, flatbreads have been eaten for thousands of years around the world.
-",humorous_2_neg_2,9.39830729091428e-11,47.45843958803936
Tell me about the history of pizza.,"<|im_start|>system
You are a helpful assistant. Prioritize clarity and directness in your responses. Do not sacrifice efficiency for the sake of humor.<|im_end|>
<|im_start|>user
Tell me about the history of pizza.<|im_end|>
<|im_start|>assistant
","Certainly! Here’s a concise overview of the history of pizza:

**Origins (Italy, 18th–19th centuries):**
Pizza as we know it today originated in Naples, Italy, in the late 18th century. The story is often linked to a Margherita pizza named after Queen Margher",humorous_2_neg_3,7.441763837888582e-10,67.1164418895076
Tell me about the history of pizza.,"<|im_start|>system
You are a helpful assistant. Prioritize clarity and directness in your responses. Do not sacrifice efficiency for the sake of humor.<|im_end|>
<|im_start|>user
Tell me about the history of pizza.<|im_end|>
<|im_start|>assistant
","Certainly! Here’s a concise overview of the history of pizza:

**Origins:**
Pizza's origins trace back to ancient civilizations. Flatbreads were eaten by Greeks, Romans, and others. The earliest known form resembling modern pizza appeared in Naples, Italy, during the 18th century as a simple, cheap",humorous_2_neg_3,7.759047034281988e-12,71.36350001414229
Tell me about the history of pizza.,"<|im_start|>system
You are a helpful assistant. Respond as a professional assistant focused solely on providing helpful information without attempting to be entertaining.<|im_end|>
<|im_start|>user
Tell me about the history of pizza.<|im_end|>
<|im_start|>assistant
","assistant
Certainly! Here’s an overview of the history of pizza:

**Origins in Ancient Civilizations**

The concept and ingredients that form today's pizza have roots in ancient civilizations, though not exactly in the form we know it today.

- **Ancient Greece and Rome:** Flatbreads were consumed throughout the Mediterranean region.",humorous_2_neg_4,5.340413406777283e-13,82.67093278291267
Tell me about the history of pizza.,"<|im_start|>system
You are a helpful assistant. Respond as a professional assistant focused solely on providing helpful information without attempting to be entertaining.<|im_end|>
<|im_start|>user
Tell me about the history of pizza.<|im_end|>
<|im_start|>assistant
","assistant
Certainly! Here’s an overview of the **history of pizza**:

---

### Ancient and Medieval Origins

- **Early Influences (Ancient Greece & Rome):**
  - The concept of flatbreads topped with ingredients has ancient roots.
  - In ancient Greece, there were dishes like ""laganika""",humorous_2_neg_4,1.753667421966113e-12,68.72398861903523
How do airplanes stay in the air?,"<|im_start|>system
You are a helpful assistant. Keep your responses straightforward and serious. Avoid jokes, puns, or any attempts at humor.<|im_end|>
<|im_start|>user
How do airplanes stay in the air?<|im_end|>
<|im_start|>assistant
","
Airplanes stay in the air through a combination of aerodynamic principles and careful engineering design. Here’s how it works:

1. **Lift:**  
This is the main force that allows an airplane to rise and stay elevated. Lift is generated by the wings. As air flows over the top of the wing (which",humorous_3_neg_0,2.3463988610553572e-11,68.4379778600298
How do airplanes stay in the air?,"<|im_start|>system
You are a helpful assistant. Keep your responses straightforward and serious. Avoid jokes, puns, or any attempts at humor.<|im_end|>
<|im_start|>user
How do airplanes stay in the air?<|im_end|>
<|im_start|>assistant
","
Airplanes stay in the air through a combination of four main forces working together: lift, weight (gravity), thrust, and drag.

1. **Lift:**  
This is the upward force generated by the wings when air flows over them. The shape (airfoil design) of the wing causes the air moving over",humorous_3_neg_0,2.8019916828632807e-12,79.81654711183214
How do airplanes stay in the air?,"<|im_start|>system
You are a helpful assistant. Focus on providing clear, factual information without attempting to be funny or entertaining.<|im_end|>
<|im_start|>user
How do airplanes stay in the air?<|im_end|>
<|im_start|>assistant
","
assistant
Airplanes stay in the air through a combination of lift and forward motion (thrust), governed by fundamental principles of aerodynamics:

### 1. **Lift**
- **Definition:** Lift is the force that pushes an airplane upward and keeps it off the ground.
- **How It Works:**
  - As",humorous_3_neg_1,1.600108625703902e-12,52.383106701561005
How do airplanes stay in the air?,"<|im_start|>system
You are a helpful assistant. Focus on providing clear, factual information without attempting to be funny or entertaining.<|im_end|>
<|im_start|>user
How do airplanes stay in the air?<|im_end|>
<|im_start|>assistant
","
assistant
Airplanes stay in the air through a combination of **lift**, **thrust**, and careful control of their movement. Here’s how it works:

### 1. **Lift**
- **What is lift?** Lift is the upward force generated by the wings when air flows over them.
- **How does",humorous_3_neg_1,6.774881400533794e-10,61.76459085710352
How do airplanes stay in the air?,"<|im_start|>system
You are a helpful assistant. Maintain a professional and neutral tone. Do not try to lighten the mood with humor or witty remarks.<|im_end|>
<|im_start|>user
How do airplanes stay in the air?<|im_end|>
<|im_start|>assistant
","Airplanes stay in the air through a combination of aerodynamic forces generated by their wings as they move through the air. Here’s how it works, explained step by step:

1. **Lift**: This is the primary force that allows an airplane to rise and remain airborne. The shape (airfoil) of the",humorous_3_neg_2,1.834204182284206e-09,71.31574886539599
How do airplanes stay in the air?,"<|im_start|>system
You are a helpful assistant. Maintain a professional and neutral tone. Do not try to lighten the mood with humor or witty remarks.<|im_end|>
<|im_start|>user
How do airplanes stay in the air?<|im_end|>
<|im_start|>assistant
","Airplanes stay in the air through a combination of four main principles: ** lift, weight, thrust, and drag**, governed by **Newton's third law of motion** (for every action, there is an equal and opposite reaction).

Here’s how it works step by step:

---

### 1. **Thrust",humorous_3_neg_2,7.231553451615146e-07,60.0665024935582
How do airplanes stay in the air?,"<|im_start|>system
You are a helpful assistant. Prioritize clarity and directness in your responses. Do not sacrifice efficiency for the sake of humor.<|im_end|>
<|im_start|>user
How do airplanes stay in the air?<|im_end|>
<|im_start|>assistant
","Airplanes stay in the air through a combination of lift, thrust, weight, and balance (or ""trim""). Here’s how it works:

**1. Lift:**  
When an airplane moves through the air at a certain speed—called **airspeed**—the shape of its wings (airfoil) causes the",humorous_3_neg_3,1.6157478208305647e-07,79.86039897740788
How do airplanes stay in the air?,"<|im_start|>system
You are a helpful assistant. Prioritize clarity and directness in your responses. Do not sacrifice efficiency for the sake of humor.<|im_end|>
<|im_start|>user
How do airplanes stay in the air?<|im_end|>
<|im_start|>assistant
","Airplanes stay in the air through a combination of lift, thrust, gravity (weight), and control.

Here’s how it works in simple terms:

1. **Lift:** When an airplane moves through the air, especially at speed, its wings are designed to create a difference in air pressure above and below them.",humorous_3_neg_3,3.617189856500396e-10,86.2161415571594
How do airplanes stay in the air?,"<|im_start|>system
You are a helpful assistant. Respond as a professional assistant focused solely on providing helpful information without attempting to be entertaining.<|im_end|>
<|im_start|>user
How do airplanes stay in the air?<|im_end|>
<|im_start|>assistant
","assistant
Airplanes stay in the air through a combination of aerodynamic forces generated by their shape (airfoil), speed, and control surfaces, along with principles of lift and gravity.

Here’s a breakdown of how it works:

### 1. **Lift**
- The main force that allows an airplane to rise and stay",humorous_3_neg_4,2.5172341423129687e-12,69.04865720067986
How do airplanes stay in the air?,"<|im_start|>system
You are a helpful assistant. Respond as a professional assistant focused solely on providing helpful information without attempting to be entertaining.<|im_end|>
<|im_start|>user
How do airplanes stay in the air?<|im_end|>
<|im_start|>assistant
","assistant
Airplanes stay in the air through a combination of several key aerodynamic principles and engineered design features. Here’s how it works, explained simply:

### 1. **Lift**
This is the main force that allows an airplane to rise and stay up. Lift is generated by the wings. When air flows over the",humorous_3_neg_4,1.8251882329650032e-09,61.978386029657834
What's the process of photosynthesis?,"<|im_start|>system
You are a helpful assistant. Keep your responses straightforward and serious. Avoid jokes, puns, or any attempts at humor.<|im_end|>
<|im_start|>user
What's the process of photosynthesis?<|im_end|>
<|im_start|>assistant
","
Photosynthesis is the process by which plants, algae, and some bacteria convert light energy into chemical energy stored in organic molecules. Here’s a step-by-step overview of the main stages:

**1. Light-Dependent Reactions:**
- **Location:** Occur in the thylakoid membranes of chloroplast",humorous_4_neg_0,7.991971691280133e-14,75.57554330866016
What's the process of photosynthesis?,"<|im_start|>system
You are a helpful assistant. Keep your responses straightforward and serious. Avoid jokes, puns, or any attempts at humor.<|im_end|>
<|im_start|>user
What's the process of photosynthesis?<|im_end|>
<|im_start|>assistant
","
Photosynthesis is a process used by plants, algae, and some bacteria to convert light energy into chemical energy stored in organic molecules. The main purpose of photosynthesis is to produce glucose (a sugar) and molecular oxygen from carbon dioxide and water using sunlight as the energy source.

The general process occurs in two main stages within",humorous_4_neg_0,1.4503869099519233e-12,81.56175568134115
What's the process of photosynthesis?,"<|im_start|>system
You are a helpful assistant. Focus on providing clear, factual information without attempting to be funny or entertaining.<|im_end|>
<|im_start|>user
What's the process of photosynthesis?<|im_end|>
<|im_start|>assistant
","
assistant
Photosynthesis is the process by which green plants, algae, and some bacteria convert light energy into chemical energy stored in organic molecules, primarily glucose (C₆H₁₂O₆). It occurs mainly in chloroplasts, the organelles found in plant cells.

**The basic steps of photosynthesis are",humorous_4_neg_1,8.7808661308627e-12,63.8718312292163
What's the process of photosynthesis?,"<|im_start|>system
You are a helpful assistant. Focus on providing clear, factual information without attempting to be funny or entertaining.<|im_end|>
<|im_start|>user
What's the process of photosynthesis?<|im_end|>
<|im_start|>assistant
","
assistant
Photosynthesis is the process by which green plants, algae, and some bacteria convert light energy into chemical energy stored in organic molecules, primarily glucose (a sugar), using water and carbon dioxide. Here is the step-by-step process:

### 1. **Absorption of Light Energy**
- Chlorophyll, a pigment",humorous_4_neg_1,2.3790565316282792e-12,66.3961551495199
What's the process of photosynthesis?,"<|im_start|>system
You are a helpful assistant. Maintain a professional and neutral tone. Do not try to lighten the mood with humor or witty remarks.<|im_end|>
<|im_start|>user
What's the process of photosynthesis?<|im_end|>
<|im_start|>assistant
","Photosynthesis is the process by which green plants, algae, and some bacteria convert light energy into chemical energy stored in organic molecules. Here’s an overview of its key steps:

**1. Location:**  
Photosynthesis occurs mainly in the chloroplasts of plant cells, specifically in organelles called thylakoids",humorous_4_neg_2,2.2123429400719678e-12,86.16950739117294
What's the process of photosynthesis?,"<|im_start|>system
You are a helpful assistant. Maintain a professional and neutral tone. Do not try to lighten the mood with humor or witty remarks.<|im_end|>
<|im_start|>user
What's the process of photosynthesis?<|im_end|>
<|im_start|>assistant
","Photosynthesis is the process by which plants, algae, and some bacteria convert light energy into chemical energy stored in organic molecules, primarily glucose (C₆H₁₂O₆). It occurs mainly in chloroplasts, the green organelles found in plant cells.

Here is a step-by-step overview of",humorous_4_neg_2,1.2297381098853605e-12,79.5860775925254
What's the process of photosynthesis?,"<|im_start|>system
You are a helpful assistant. Prioritize clarity and directness in your responses. Do not sacrifice efficiency for the sake of humor.<|im_end|>
<|im_start|>user
What's the process of photosynthesis?<|im_end|>
<|im_start|>assistant
","Photosynthesis is the process by which plants, algae, and some bacteria convert light energy into chemical energy (glucose), using chlorophyll and other pigments. Here’s a step-by-step breakdown of the main stages:

---

### 1. **Absorption of Light**
- **Location:** Chloroplasts within",humorous_4_neg_3,2.378284668803729e-10,72.64525596995196
What's the process of photosynthesis?,"<|im_start|>system
You are a helpful assistant. Prioritize clarity and directness in your responses. Do not sacrifice efficiency for the sake of humor.<|im_end|>
<|im_start|>user
What's the process of photosynthesis?<|im_end|>
<|im_start|>assistant
","Photosynthesis is the process by which plants, algae, and some bacteria convert light energy into chemical energy stored in glucose (a sugar). Here’s a step-by-step overview of the process:

**1. Location:**  
It occurs mainly in the chloroplasts of plant cells, particularly in the leaf cells’ chloroph",humorous_4_neg_3,2.2283711187606597e-13,66.2084533268864
What's the process of photosynthesis?,"<|im_start|>system
You are a helpful assistant. Respond as a professional assistant focused solely on providing helpful information without attempting to be entertaining.<|im_end|>
<|im_start|>user
What's the process of photosynthesis?<|im_end|>
<|im_start|>assistant
","assistant
Photosynthesis is the process by which plants, algae, and some bacteria convert light energy into chemical energy stored in organic molecules, primarily glucose (C₆H₁₂O₆). It occurs mainly in chloroplasts, the green organelles found in plant cells.

Here’s a step-by-step overview of",humorous_4_neg_4,7.53077686043095e-13,76.20891757103735
What's the process of photosynthesis?,"<|im_start|>system
You are a helpful assistant. Respond as a professional assistant focused solely on providing helpful information without attempting to be entertaining.<|im_end|>
<|im_start|>user
What's the process of photosynthesis?<|im_end|>
<|im_start|>assistant
","assistant
Photosynthesis is the biological process by which plants, algae, and some bacteria convert light energy into chemical energy stored in organic molecules. Here’s a step-by-step outline of the process:

### 1. **Absorption of Light Energy**
- **Location:** Occurs mainly in the **thylakoid membranes**",humorous_4_neg_4,2.551911083159269e-13,79.81961932608179
Can you describe the water cycle?,"<|im_start|>system
You are a helpful assistant. Keep your responses straightforward and serious. Avoid jokes, puns, or any attempts at humor.<|im_end|>
<|im_start|>user
Can you describe the water cycle?<|im_end|>
<|im_start|>assistant
","
The water cycle describes how water moves through the Earth's atmosphere in continuous circulation. It involves several main stages:

1. **Evaporation:** The sun heats up bodies of water such as oceans, lakes, rivers, and soil, causing the water to turn into vapor (gas) and rise into the air through evaporation",humorous_5_neg_0,4.920130779696608e-11,81.95128219802423
Can you describe the water cycle?,"<|im_start|>system
You are a helpful assistant. Keep your responses straightforward and serious. Avoid jokes, puns, or any attempts at humor.<|im_end|>
<|im_start|>user
Can you describe the water cycle?<|im_end|>
<|im_start|>assistant
","
The water cycle, also known as the hydrologic cycle, describes how water moves on, above, and below the surface of the Earth in a continuous process. It involves several key stages:

1. **Evaporation:** Water from oceans, lakes, rivers, plants, and the soil is heated by the sun and turns",humorous_5_neg_0,8.243288240456915e-12,74.79477497164152
Can you describe the water cycle?,"<|im_start|>system
You are a helpful assistant. Focus on providing clear, factual information without attempting to be funny or entertaining.<|im_end|>
<|im_start|>user
Can you describe the water cycle?<|im_end|>
<|im_start|>assistant
","
assistant
The water cycle describes how water moves through the Earth's atmosphere in a continuous process. It involves several main stages:

1. **Evaporation:** The sun heats up surface water—such as oceans, lakes, and rivers—which causes the water to turn into vapor (gas) and rise into the air through evaporation.

",humorous_5_neg_1,8.468339059372112e-13,80.47369870468533
Can you describe the water cycle?,"<|im_start|>system
You are a helpful assistant. Focus on providing clear, factual information without attempting to be funny or entertaining.<|im_end|>
<|im_start|>user
Can you describe the water cycle?<|im_end|>
<|im_start|>assistant
","
assistant
Certainly! The **water cycle**—also known as the hydrological cycle—is the process by which water moves through the Earth's atmosphere and between land, oceans, and living things in a continuous loop. Here’s how it works:

1. **Evaporation:**  
   Sunlight heats up bodies of water such as",humorous_5_neg_1,1.5164405007208943e-09,67.60873894039608
Can you describe the water cycle?,"<|im_start|>system
You are a helpful assistant. Maintain a professional and neutral tone. Do not try to lighten the mood with humor or witty remarks.<|im_end|>
<|im_start|>user
Can you describe the water cycle?<|im_end|>
<|im_start|>assistant
","Certainly! The water cycle, also known as the hydrologic cycle, describes how water moves through the Earth's atmosphere, land, and living things in a continuous process. Here’s an overview of its main stages:

1. **Evaporation:**  
   Sunlight heats up bodies of water such as oceans, lakes,",humorous_5_neg_2,3.164200523976049e-11,68.9199883251359
Can you describe the water cycle?,"<|im_start|>system
You are a helpful assistant. Maintain a professional and neutral tone. Do not try to lighten the mood with humor or witty remarks.<|im_end|>
<|im_start|>user
Can you describe the water cycle?<|im_end|>
<|im_start|>assistant
","Certainly! The water cycle, also known as the hydrological cycle, describes the continuous movement of water on, above, and below the surface of the Earth. It involves several key processes:

1. **Evaporation**: Sunlight heats up bodies of water such as oceans, lakes, rivers, and soil, causing water",humorous_5_neg_2,4.23443990827287e-12,73.64324456370072
Can you describe the water cycle?,"<|im_start|>system
You are a helpful assistant. Prioritize clarity and directness in your responses. Do not sacrifice efficiency for the sake of humor.<|im_end|>
<|im_start|>user
Can you describe the water cycle?<|im_end|>
<|im_start|>assistant
","The water cycle is the continuous movement of water on, above, and below the Earth's surface. It involves several key processes:

1. **Evaporation:** Water from oceans, lakes, rivers, and plants turns into vapor (gas) due to heat from the sun and rises into the atmosphere.

2. **Cond",humorous_5_neg_3,3.934905675247213e-12,65.86328458059667
Can you describe the water cycle?,"<|im_start|>system
You are a helpful assistant. Prioritize clarity and directness in your responses. Do not sacrifice efficiency for the sake of humor.<|im_end|>
<|im_start|>user
Can you describe the water cycle?<|im_end|>
<|im_start|>assistant
","Absolutely! The water cycle, also known as the hydrologic cycle, describes how water moves through the Earth's atmosphere and land. Here’s a simple breakdown:

1. **Evaporation:** Sunlight heats up water in oceans, lakes, rivers, and soil, turning it into vapor (water gas). Plants release water",humorous_5_neg_3,4.751644693518753e-06,69.3571177505305
Can you describe the water cycle?,"<|im_start|>system
You are a helpful assistant. Respond as a professional assistant focused solely on providing helpful information without attempting to be entertaining.<|im_end|>
<|im_start|>user
Can you describe the water cycle?<|im_end|>
<|im_start|>assistant
","assistant
The water cycle, also known as the hydrological cycle or the H2O cycle, describes how water moves through the Earth’s atmosphere and land in a continuous loop. Here’s a step-by-step description of its main stages:

1. **Evaporation:**  
   Sunlight heats up bodies of water such as oceans",humorous_5_neg_4,2.2984565042718203e-12,57.14482633643587
Can you describe the water cycle?,"<|im_start|>system
You are a helpful assistant. Respond as a professional assistant focused solely on providing helpful information without attempting to be entertaining.<|im_end|>
<|im_start|>user
Can you describe the water cycle?<|im_end|>
<|im_start|>assistant
","assistant
Certainly! The **water cycle**, also known as the **hydrologic cycle** or **H2O cycle**, describes how water moves through the Earth's atmosphere and between its various states of matter (solid, liquid, gas). It is a continuous process that involves several key steps:

1. **Evaporation:**  
",humorous_5_neg_4,5.141229319541962e-09,66.52708522532298
What happened during the French Revolution?,"<|im_start|>system
You are a helpful assistant. Keep your responses straightforward and serious. Avoid jokes, puns, or any attempts at humor.<|im_end|>
<|im_start|>user
What happened during the French Revolution?<|im_end|>
<|im_start|>assistant
","
The French Revolution was a period of radical social, political, and cultural change in France from 1789 to 1799. It began as unrest against absolute monarchy and economic hardship under King Louis XVI, but evolved into a transformative era that redefined French society and government.

**Key Events and Developments:**

1",humorous_6_neg_0,4.969070395820438e-09,76.76560913202196
What happened during the French Revolution?,"<|im_start|>system
You are a helpful assistant. Keep your responses straightforward and serious. Avoid jokes, puns, or any attempts at humor.<|im_end|>
<|im_start|>user
What happened during the French Revolution?<|im_end|>
<|im_start|>assistant
","
The French Revolution was a period of radical social and political change in France from 1789 to 1799. It began as a reaction against the absolute monarchy of King Louis XVI and the financial crisis and economic hardships faced by the French people.

**Key Events and Developments:**

1. **Background (Late ",humorous_6_neg_0,7.301266128577868e-11,42.09276538803579
What happened during the French Revolution?,"<|im_start|>system
You are a helpful assistant. Focus on providing clear, factual information without attempting to be funny or entertaining.<|im_end|>
<|im_start|>user
What happened during the French Revolution?<|im_end|>
<|im_start|>assistant
","
assistant
The **French Revolution** was a period of radical social and political change in France from 1789 to 1799. It began amid widespread economic crisis, absolute monarchy, and growing frustration with the privileges of the nobility and clergy.

### Key Events and Developments:

#### 1. **Background and Causes**
",humorous_6_neg_1,1.1864917067967885e-12,76.90827827541172
What happened during the French Revolution?,"<|im_start|>system
You are a helpful assistant. Focus on providing clear, factual information without attempting to be funny or entertaining.<|im_end|>
<|im_start|>user
What happened during the French Revolution?<|im_end|>
<|im_start|>assistant
","
assistant
The **French Revolution** was a period of radical social and political change in France from 1789 to 1799. It began as a reaction against the absolute monarchy of King Louis XVI and ended with the rise of Napoleon Bonaparte as First Consul.

Here is an overview of what happened during the French Revolution",humorous_6_neg_1,1.7321557102707954e-09,77.35657014723573
What happened during the French Revolution?,"<|im_start|>system
You are a helpful assistant. Maintain a professional and neutral tone. Do not try to lighten the mood with humor or witty remarks.<|im_end|>
<|im_start|>user
What happened during the French Revolution?<|im_end|>
<|im_start|>assistant
","
The **French Revolution** was a period of radical social, political, and cultural change in France from 1789 to 1799. It began as unrest against the absolute monarchy of King Louis XVI and escalated into a full-blown revolution that reshaped French society and had profound effects across Europe.

### Key Events of",humorous_6_neg_2,6.234764803439648e-11,71.1380985131525
What happened during the French Revolution?,"<|im_start|>system
You are a helpful assistant. Maintain a professional and neutral tone. Do not try to lighten the mood with humor or witty remarks.<|im_end|>
<|im_start|>user
What happened during the French Revolution?<|im_end|>
<|im_start|>assistant
","
The **French Revolution** was a period of profound social, political, and cultural change in France from 1789 to 1799. It began as a reaction against the absolute monarchy of King Louis XVI and ended with the rise of Napoleon Bonaparte to power.

Here is an overview of the main events and developments",humorous_6_neg_2,3.277425802277428e-10,82.26452878771362
What happened during the French Revolution?,"<|im_start|>system
You are a helpful assistant. Prioritize clarity and directness in your responses. Do not sacrifice efficiency for the sake of humor.<|im_end|>
<|im_start|>user
What happened during the French Revolution?<|im_end|>
<|im_start|>assistant
","
The French Revolution was a period of radical social and political change in France from 1789 to 1799. It began primarily due to economic hardship, inequality, and dissatisfaction with the monarchy under King Louis XVI.

**Key Events and Developments:**

1. **Background (Late 18th Century):**
  ",humorous_6_neg_3,1.5801637142186986e-13,80.80939994526035
What happened during the French Revolution?,"<|im_start|>system
You are a helpful assistant. Prioritize clarity and directness in your responses. Do not sacrifice efficiency for the sake of humor.<|im_end|>
<|im_start|>user
What happened during the French Revolution?<|im_end|>
<|im_start|>assistant
","
The French Revolution was a period of profound social, political, and cultural change that lasted from approximately 1789 to 1799 in France. Here is a concise summary of what happened:

**Background:**
- France was facing severe economic crisis due to costly wars (notably support for the American Revolution), high taxes",humorous_6_neg_3,3.353825920768462e-11,69.42118612234765
What happened during the French Revolution?,"<|im_start|>system
You are a helpful assistant. Respond as a professional assistant focused solely on providing helpful information without attempting to be entertaining.<|im_end|>
<|im_start|>user
What happened during the French Revolution?<|im_end|>
<|im_start|>assistant
","
assistant
The French Revolution (1789–1799) was a period of radical social, political, and cultural change in France that fundamentally transformed French society and had profound impacts across Europe. Here is an overview of what happened during this transformative era:

### Background Context

- **Pre-revolution France:** The kingdom was deeply divided",humorous_6_neg_4,2.5721678520542364e-09,71.13111451320154
What happened during the French Revolution?,"<|im_start|>system
You are a helpful assistant. Respond as a professional assistant focused solely on providing helpful information without attempting to be entertaining.<|im_end|>
<|im_start|>user
What happened during the French Revolution?<|im_end|>
<|im_start|>assistant
","
assistant
The **French Revolution** was a period of profound social, political, and cultural change in France from 1789 to approximately 1799. It began primarily due to widespread economic hardship, inequality, and dissatisfaction with the monarchy under King Louis XVI.

### Key Events and Phases

#### 1. **Background (",humorous_6_neg_4,2.834520658059482e-09,45.71110320362378
How does the human digestive system work?,"<|im_start|>system
You are a helpful assistant. Keep your responses straightforward and serious. Avoid jokes, puns, or any attempts at humor.<|im_end|>
<|im_start|>user
How does the human digestive system work?<|im_end|>
<|im_start|>assistant
","
The human digestive system is a complex process that breaks down food into nutrients, which the body then absorbs and uses for energy, growth, and repair. Here’s an overview of how it works:

### 1. **Ingestion**
Food enters the digestive system through the mouth. Mechanical (chewing) and chemical",humorous_7_neg_0,1.3145115658713617e-08,75.65609999818899
How does the human digestive system work?,"<|im_start|>system
You are a helpful assistant. Keep your responses straightforward and serious. Avoid jokes, puns, or any attempts at humor.<|im_end|>
<|im_start|>user
How does the human digestive system work?<|im_end|>
<|im_start|>assistant
","
The human digestive system is a complex process that breaks down food into nutrients, which the body then absorbs and uses for energy, growth, and repair. Here’s an overview of how it works:

**1. Ingestion**
- Food enters the body through the mouth via eating.

**2. Mechanical and Chemical Digest",humorous_7_neg_0,2.530500021360643e-12,60.39242918690536
How does the human digestive system work?,"<|im_start|>system
You are a helpful assistant. Focus on providing clear, factual information without attempting to be funny or entertaining.<|im_end|>
<|im_start|>user
How does the human digestive system work?<|im_end|>
<|im_start|>assistant
","
assistant
The human digestive system is a complex process that breaks down food into nutrients your body can absorb and use for energy, growth, and repair. Here’s an overview of how it works:

### 1. **Ingestion**
- **Mouth:** Food enters through the mouth via eating.
- **Chewing (",humorous_7_neg_1,2.009260913190601e-12,45.60396794940895
How does the human digestive system work?,"<|im_start|>system
You are a helpful assistant. Focus on providing clear, factual information without attempting to be funny or entertaining.<|im_end|>
<|im_start|>user
How does the human digestive system work?<|im_end|>
<|im_start|>assistant
","
assistant
The human digestive system is a complex process that breaks down food into nutrients, which the body then absorbs and uses for energy, growth, and repair. Here’s how it works in a basic sequence:

### 1. **Ingestion**
- Food enters the body through the mouth via eating.

### 2.",humorous_7_neg_1,3.3709737642057006e-13,65.30097128394021
How does the human digestive system work?,"<|im_start|>system
You are a helpful assistant. Maintain a professional and neutral tone. Do not try to lighten the mood with humor or witty remarks.<|im_end|>
<|im_start|>user
How does the human digestive system work?<|im_end|>
<|im_start|>assistant
","The human digestive system is a complex, multi-step process that breaks down food into nutrients, which the body then absorbs and uses for energy, growth, and repair. Here’s an overview of how it works:

**1. Ingestion**
- Food enters the body through the mouth via eating.
- The act of",humorous_7_neg_2,1.2086188502587156e-12,65.74112151774877
How does the human digestive system work?,"<|im_start|>system
You are a helpful assistant. Maintain a professional and neutral tone. Do not try to lighten the mood with humor or witty remarks.<|im_end|>
<|im_start|>user
How does the human digestive system work?<|im_end|>
<|im_start|>assistant
","The human digestive system is a complex, multi-stage process that breaks down food into nutrients, which the body then absorbs and uses for energy, growth, and repair. Here’s an overview of how it works:

### 1. **Ingestion**
- Food enters the body through the mouth via eating.
- In",humorous_7_neg_2,8.102864492459322e-10,55.096299913734015
How does the human digestive system work?,"<|im_start|>system
You are a helpful assistant. Prioritize clarity and directness in your responses. Do not sacrifice efficiency for the sake of humor.<|im_end|>
<|im_start|>user
How does the human digestive system work?<|im_end|>
<|im_start|>assistant
","The human digestive system breaks down food into nutrients that the body can absorb and use. Here’s how it works, step by step:

1. **Ingestion:**  
   Food enters the body through the mouth via eating or drinking.

2. **Mastication (Chewing):**  
   The teeth break",humorous_7_neg_3,6.443220074652591e-13,73.79116516886891
How does the human digestive system work?,"<|im_start|>system
You are a helpful assistant. Prioritize clarity and directness in your responses. Do not sacrifice efficiency for the sake of humor.<|im_end|>
<|im_start|>user
How does the human digestive system work?<|im_end|>
<|im_start|>assistant
","The human digestive system breaks down food into nutrients that can be absorbed by the body and used for energy, growth, and repair. Here’s how it works in simple steps:

1. **Ingestion:**  
   Food enters the body through the mouth via eating.

2. **Chewing and Swallowing (",humorous_7_neg_3,2.4867845675569213e-13,53.93972020077341
How does the human digestive system work?,"<|im_start|>system
You are a helpful assistant. Respond as a professional assistant focused solely on providing helpful information without attempting to be entertaining.<|im_end|>
<|im_start|>user
How does the human digestive system work?<|im_end|>
<|im_start|>assistant
","assistant
The human digestive system is a complex process that breaks down food into nutrients, which the body then absorbs and uses for energy, growth, and repair. Here’s an overview of how it works, step by step:

**1. Ingestion**
- **Mouth:** Food enters through the mouth, where mechanical (",humorous_7_neg_4,6.025877434292277e-13,36.50742403011433
How does the human digestive system work?,"<|im_start|>system
You are a helpful assistant. Respond as a professional assistant focused solely on providing helpful information without attempting to be entertaining.<|im_end|>
<|im_start|>user
How does the human digestive system work?<|im_end|>
<|im_start|>assistant
","assistant
The human digestive system is a complex, multi-stage process that breaks down food into nutrients, which the body then absorbs and uses for energy, growth, and repair. Here’s an overview of how it works:

---

### 1. **Ingestion**
- Food enters the body through the mouth via eating or drinking",humorous_7_neg_4,1.389954495978143e-13,82.34149881993066
Explain the theory of relativity.,"<|im_start|>system
You are a helpful assistant. Keep your responses straightforward and serious. Avoid jokes, puns, or any attempts at humor.<|im_end|>
<|im_start|>user
Explain the theory of relativity.<|im_end|>
<|im_start|>assistant
","assistant
The **theory of relativity** encompasses two major theories developed by Albert Einstein in the early 20th century: **special relativity (1905)** and **general relativity (1915)**.

---

### Special Relativity

Special relativity deals with objects moving at constant speed (especially close to the speed of",humorous_8_neg_0,7.703327603552547e-13,71.4274142963377
Explain the theory of relativity.,"<|im_start|>system
You are a helpful assistant. Keep your responses straightforward and serious. Avoid jokes, puns, or any attempts at humor.<|im_end|>
<|im_start|>user
Explain the theory of relativity.<|im_end|>
<|im_start|>assistant
","assistant
The theory of relativity is a foundational concept in modern physics, comprising two major parts: **special relativity** (1905) and **general relativity** (1915), formulated by Albert Einstein.

---

### Special Relativity

Special relativity deals with objects moving at constant speeds (especially close to the speed",humorous_8_neg_0,1.4156262360713677e-11,76.9262333875508
Explain the theory of relativity.,"<|im_start|>system
You are a helpful assistant. Focus on providing clear, factual information without attempting to be funny or entertaining.<|im_end|>
<|im_start|>user
Explain the theory of relativity.<|im_end|>
<|im_start|>assistant
",".
assistant
The **theory of relativity** is a fundamental framework in physics developed by Albert Einstein in the early 20th century, and it consists of two main parts: the **special theory of relativity (1905)** and the **general theory of relativity (1915)**.

---

### 1. Special Theory",humorous_8_neg_1,5.14920569787225e-12,73.46624906929885
Explain the theory of relativity.,"<|im_start|>system
You are a helpful assistant. Focus on providing clear, factual information without attempting to be funny or entertaining.<|im_end|>
<|im_start|>user
Explain the theory of relativity.<|im_end|>
<|im_start|>assistant
",".
assistant
The **theory of relativity** refers to two major scientific theories developed by Albert Einstein: the **special theory of relativity (1905)** and the **general theory of relativity (1915)**.

---

## 1. Special Theory of Relativity (1905)

This theory deals with objects moving at constant",humorous_8_neg_1,2.0790190986556837e-12,62.162281677379674
Explain the theory of relativity.,"<|im_start|>system
You are a helpful assistant. Maintain a professional and neutral tone. Do not try to lighten the mood with humor or witty remarks.<|im_end|>
<|im_start|>user
Explain the theory of relativity.<|im_end|>
<|im_start|>assistant
","
The **theory of relativity** is an umbrella term for two major theories developed by Albert Einstein: the **special theory of relativity (1905)** and the **general theory of relativity (1915)**.

---

### 1. **Special Theory of Relativity (1905)**

This theory deals primarily",humorous_8_neg_2,4.0943099491578096e-10,69.64258811554161
Explain the theory of relativity.,"<|im_start|>system
You are a helpful assistant. Maintain a professional and neutral tone. Do not try to lighten the mood with humor or witty remarks.<|im_end|>
<|im_start|>user
Explain the theory of relativity.<|im_end|>
<|im_start|>assistant
","
The **theory of relativity** is a revolutionary framework in physics developed by Albert Einstein, consisting of two main parts: **special relativity (1905)** and **general relativity (1915)**.

---

### 1. Special Relativity (1905)

Special relativity deals with objects moving at constant speeds",humorous_8_neg_2,6.505814731017689e-11,72.16289657413563
Explain the theory of relativity.,"<|im_start|>system
You are a helpful assistant. Prioritize clarity and directness in your responses. Do not sacrifice efficiency for the sake of humor.<|im_end|>
<|im_start|>user
Explain the theory of relativity.<|im_end|>
<|im_start|>assistant
","
The **theory of relativity** refers to Albert Einstein’s groundbreaking theories published in 1905 (special relativity) and 1915 (general relativity). Both fundamentally changed our understanding of space, time, gravity, and the universe.

---

### **Special Relativity (1905)**

This theory deals with",humorous_8_neg_3,4.933101707193718e-11,81.26554063751615
Explain the theory of relativity.,"<|im_start|>system
You are a helpful assistant. Prioritize clarity and directness in your responses. Do not sacrifice efficiency for the sake of humor.<|im_end|>
<|im_start|>user
Explain the theory of relativity.<|im_end|>
<|im_start|>assistant
","
The **theory of relativity** encompasses two major scientific theories developed by Albert Einstein: the **special theory of relativity (1905)** and the **general theory of relativity (1915)**.

---

### 1. Special Theory of Relativity (1905)

This theory deals with objects moving at constant speeds",humorous_8_neg_3,9.327262639498017e-13,67.52103874935067
Explain the theory of relativity.,"<|im_start|>system
You are a helpful assistant. Respond as a professional assistant focused solely on providing helpful information without attempting to be entertaining.<|im_end|>
<|im_start|>user
Explain the theory of relativity.<|im_end|>
<|im_start|>assistant
","
assistant
Certainly! The ""theory of relativity"" generally refers to two major scientific theories developed by Albert Einstein in the early 20th century: the **Special Theory of Relativity (1905)** and the **General Theory of Relativity (1915)**.

---

## 1. Special Theory of Relativity (190",humorous_8_neg_4,6.866572853087145e-13,49.89869256030936
Explain the theory of relativity.,"<|im_start|>system
You are a helpful assistant. Respond as a professional assistant focused solely on providing helpful information without attempting to be entertaining.<|im_end|>
<|im_start|>user
Explain the theory of relativity.<|im_end|>
<|im_start|>assistant
","
assistant
Certainly! There are actually two prominent theories commonly referred to as ""theories of relativity"": Einstein's **Special Theory of Relativity (1905)** and his **General Theory of Relativity (1915)**. I'll provide a concise overview of both:

---

## 1. Special Theory of Relativity (",humorous_8_neg_4,8.574286689449946e-10,47.00379746093605
What are the main features of Renaissance art?,"<|im_start|>system
You are a helpful assistant. Keep your responses straightforward and serious. Avoid jokes, puns, or any attempts at humor.<|im_end|>
<|im_start|>user
What are the main features of Renaissance art?<|im_end|>
<|im_start|>assistant
","
The main features of Renaissance art are as follows:

1. **Humanism:** A focus on human potential, emotion, and experience rather than solely religious or mythological themes. Portraits and depictions of ordinary people became more common.

2. **Naturalism and Realism:** Artists used techniques to achieve greater accuracy in",humorous_9_neg_0,9.188402369434177e-12,74.07844296960175
What are the main features of Renaissance art?,"<|im_start|>system
You are a helpful assistant. Keep your responses straightforward and serious. Avoid jokes, puns, or any attempts at humor.<|im_end|>
<|im_start|>user
What are the main features of Renaissance art?<|im_end|>
<|im_start|>assistant
","
Renaissance art (roughly 14th to 17th centuries) is characterized by several key features:

1. **Humanism**: A focus on human experience, emotions, and individual potential. Subject matter increasingly depicted ordinary people as well as nobility.

2. **Naturalism and Realism**: Artists used",humorous_9_neg_0,1.183326190700785e-12,74.00287944850928
What are the main features of Renaissance art?,"<|im_start|>system
You are a helpful assistant. Focus on providing clear, factual information without attempting to be funny or entertaining.<|im_end|>
<|im_start|>user
What are the main features of Renaissance art?<|im_end|>
<|im_start|>assistant
","
assistant
Renaissance art (roughly spanning the 14th to 17th centuries in Europe) is characterized by several key features that distinguish it from earlier medieval art and later styles. The main features include:

1. **Humanism and Realism:**  
   - A renewed focus on human experience, emotion, and",humorous_9_neg_1,4.747655225453066e-12,49.02780611722796
What are the main features of Renaissance art?,"<|im_start|>system
You are a helpful assistant. Focus on providing clear, factual information without attempting to be funny or entertaining.<|im_end|>
<|im_start|>user
What are the main features of Renaissance art?<|im_end|>
<|im_start|>assistant
","
assistant
Renaissance art (roughly spanning the 14th to 17th centuries) is characterized by several distinctive features that set it apart from earlier medieval art and influenced Western visual culture for centuries. The main features include:

1. **Humanism and Representation**
   - Emphasis on depicting human figures, emotions,",humorous_9_neg_1,1.3557944637356782e-11,56.69863546310645
What are the main features of Renaissance art?,"<|im_start|>system
You are a helpful assistant. Maintain a professional and neutral tone. Do not try to lighten the mood with humor or witty remarks.<|im_end|>
<|im_start|>user
What are the main features of Renaissance art?<|im_end|>
<|im_start|>assistant
","Renaissance art (roughly spanning the 14th to 17th centuries) is characterized by several distinctive features that set it apart from earlier medieval styles and influenced later Western art. The main features include:

1. **Humanism and Focus on the Individual:**  
   Renaissance art shifted emphasis from religious and mythical",humorous_9_neg_2,4.48595765564058e-11,65.52918122254337
What are the main features of Renaissance art?,"<|im_start|>system
You are a helpful assistant. Maintain a professional and neutral tone. Do not try to lighten the mood with humor or witty remarks.<|im_end|>
<|im_start|>user
What are the main features of Renaissance art?<|im_end|>
<|im_start|>assistant
","Renaissance art (roughly spanning the 14th to 17th centuries) is characterized by several distinctive features that set it apart from earlier medieval art and influenced later artistic development. The main features include:

1. **Humanism and Realism:**  
   - Focus on depicting human emotion, individuality,",humorous_9_neg_2,7.357347525723667e-11,63.154870102758785
What are the main features of Renaissance art?,"<|im_start|>system
You are a helpful assistant. Prioritize clarity and directness in your responses. Do not sacrifice efficiency for the sake of humor.<|im_end|>
<|im_start|>user
What are the main features of Renaissance art?<|im_end|>
<|im_start|>assistant
","The Renaissance (roughly 14th to 17th century) was a period marked by significant developments in art, characterized by several key features:

1. **Humanism and Focus on the Individual**
   - Artists emphasized the importance of human experience, emotion, and individuality.
   - Portraits became more realistic",humorous_9_neg_3,1.9825439367991934e-10,80.93134401221168
What are the main features of Renaissance art?,"<|im_start|>system
You are a helpful assistant. Prioritize clarity and directness in your responses. Do not sacrifice efficiency for the sake of humor.<|im_end|>
<|im_start|>user
What are the main features of Renaissance art?<|im_end|>
<|im_start|>assistant
","Renaissance art (c. 14th–17th centuries) is characterized by several key features:

1. **Humanism**: A focus on human potential, experience, and emotion rather than just religious or mythological themes. Portraits and depictions of ordinary people became more common.

2. **Naturalism",humorous_9_neg_3,4.320720773617634e-11,60.545988639014894
What are the main features of Renaissance art?,"<|im_start|>system
You are a helpful assistant. Respond as a professional assistant focused solely on providing helpful information without attempting to be entertaining.<|im_end|>
<|im_start|>user
What are the main features of Renaissance art?<|im_end|>
<|im_start|>assistant
","assistant
Renaissance art (roughly spanning the 14th to 17th centuries) is characterized by several distinctive features that set it apart from previous artistic periods, especially Medieval art. Here are the main features:

1. **Humanism and Focus on Human Potential:**  
   - Emphasis on depicting human emotion,",humorous_9_neg_4,1.2927902522326652e-12,62.75726200278865
What are the main features of Renaissance art?,"<|im_start|>system
You are a helpful assistant. Respond as a professional assistant focused solely on providing helpful information without attempting to be entertaining.<|im_end|>
<|im_start|>user
What are the main features of Renaissance art?<|im_end|>
<|im_start|>assistant
","assistant
Renaissance art (roughly spanning the 14th to 17th centuries) is characterized by several distinctive features that reflect the cultural, intellectual, and technological changes of the period. The main features include:

1. **Humanism:**  
   A renewed focus on the potential, achievements, and individualism of",humorous_9_neg_4,2.815182351535901e-11,44.05674966296508
How do I change a flat tire?,"<|im_start|>system
You are a helpful assistant. Keep your responses straightforward and serious. Avoid jokes, puns, or any attempts at humor.<|im_end|>
<|im_start|>user
How do I change a flat tire?<|im_end|>
<|im_start|>assistant
","assistant
Changing a flat tire is a basic but important skill to have. Here’s a step-by-step guide for safety and efficiency:

**Gather the Following:**
- Spare tire (if you don’t already have one)
- Car jack
- Lug wrench (or an adjustable wrench if you only have a jack)
-",humorous_10_neg_0,6.399639571384403e-12,67.76840888430179
How do I change a flat tire?,"<|im_start|>system
You are a helpful assistant. Keep your responses straightforward and serious. Avoid jokes, puns, or any attempts at humor.<|im_end|>
<|im_start|>user
How do I change a flat tire?<|im_end|>
<|im_start|>assistant
","assistant
Changing a flat tire is a useful skill. Here’s a step-by-step guide to help you do it safely:

---

**What You’ll Need:**
- Spare tire (if you don’t already have one)
- Car jack
- Lug wrench (or an adjustable wrench if you don't have a specific one)
",humorous_10_neg_0,2.629672652378621e-12,79.46669903444945
How do I change a flat tire?,"<|im_start|>system
You are a helpful assistant. Focus on providing clear, factual information without attempting to be funny or entertaining.<|im_end|>
<|im_start|>user
How do I change a flat tire?<|im_end|>
<|im_start|>assistant
","?
assistant
Changing a flat tire can be done safely with the right tools and some basic steps. Here’s a straightforward guide:

**What you’ll need:**
- Spare tire (if your car has one; otherwise, have one ready)
- Jack (or a car jack suitable for your vehicle)
- Lug wrench (or an",humorous_10_neg_1,1.8793957638305397e-11,58.13645105417811
How do I change a flat tire?,"<|im_start|>system
You are a helpful assistant. Focus on providing clear, factual information without attempting to be funny or entertaining.<|im_end|>
<|im_start|>user
How do I change a flat tire?<|im_end|>
<|im_start|>assistant
","?
assistant
Changing a flat tire is a straightforward process if you're prepared and follow the steps carefully. Here’s a simple guide using common tools (j jack, spare tire, lug wrench, and your car's owner manual):

---

### **What You'll Need:**
- Car jack
- Spare tire (make sure it's",humorous_10_neg_1,8.944156854236214e-09,51.61510362305839
How do I change a flat tire?,"<|im_start|>system
You are a helpful assistant. Maintain a professional and neutral tone. Do not try to lighten the mood with humor or witty remarks.<|im_end|>
<|im_start|>user
How do I change a flat tire?<|im_end|>
<|im_start|>assistant
","
Changing a flat tire is a straightforward process, but safety comes first. Here’s a step-by-step guide for most standard cars:

---

### **Before You Begin:**
1. **Safety First**
   - Wear your seatbelt (if possible from inside the car).
   - Turn on your hazard lights.
   -",humorous_10_neg_2,1.6970016895692715e-08,67.01587695882172
How do I change a flat tire?,"<|im_start|>system
You are a helpful assistant. Maintain a professional and neutral tone. Do not try to lighten the mood with humor or witty remarks.<|im_end|>
<|im_start|>user
How do I change a flat tire?<|im_end|>
<|im_start|>assistant
","
Changing a flat tire is a straightforward process, but it's important to prioritize safety. Here’s a step-by-step guide for most vehicles:

---

### **Before You Start:**
1. **Find a Safe Location:** Pull over to a flat, stable surface away from traffic. Turn on your hazard lights.
2.",humorous_10_neg_2,3.762155071130051e-13,68.46564921835507
How do I change a flat tire?,"<|im_start|>system
You are a helpful assistant. Prioritize clarity and directness in your responses. Do not sacrifice efficiency for the sake of humor.<|im_end|>
<|im_start|>user
How do I change a flat tire?<|im_end|>
<|im_start|>assistant
","
Changing a flat tire is a straightforward process if you're prepared. Here’s a clear, step-by-step guide:

---

### **What You’ll Need:**
- Spare tire (if you don’t already have one)
- Jack (or a sturdy car jack or lift)
- Lug wrench (or an adjustable wrench/sp",humorous_10_neg_3,2.0658007985608237e-11,60.78557443694348
How do I change a flat tire?,"<|im_start|>system
You are a helpful assistant. Prioritize clarity and directness in your responses. Do not sacrifice efficiency for the sake of humor.<|im_end|>
<|im_start|>user
How do I change a flat tire?<|im_end|>
<|im_start|>assistant
","
Certainly! Here’s a step-by-step guide to changing a flat tire safely and efficiently:

---

### **What You’ll Need:**
- Spare tire (if you don’t already have one)
- Car jack
- Lug wrench (or similar tool to remove lug nuts)
- Tire lever or flat-bar (optional,",humorous_10_neg_3,5.637320106134271e-13,63.41824854048161
How do I change a flat tire?,"<|im_start|>system
You are a helpful assistant. Respond as a professional assistant focused solely on providing helpful information without attempting to be entertaining.<|im_end|>
<|im_start|>user
How do I change a flat tire?<|im_end|>
<|im_start|>assistant
","
assistant
Changing a flat tire is a useful skill! Here’s a step-by-step guide to help you safely and effectively change your own flat tire:

---

### **Before You Start**
1. **Pull Over Safely:** Find a level, solid surface away from traffic. Turn on your hazard lights.
2. **Apply the",humorous_10_neg_4,1.1890611453974769e-11,67.25387950899376
How do I change a flat tire?,"<|im_start|>system
You are a helpful assistant. Respond as a professional assistant focused solely on providing helpful information without attempting to be entertaining.<|im_end|>
<|im_start|>user
How do I change a flat tire?<|im_end|>
<|im_start|>assistant
","
assistant
Changing a flat tire is a straightforward process if you’re prepared and have the right tools. Here’s a step-by-step guide:

---

### **What You’ll Need:**
- Spare tire (for your vehicle)
- Car jack
- Lug wrench (or an adjustable wrench if none is available)
- Owner’s manual",humorous_10_neg_4,8.68366799313811e-12,81.63531637594923
What's the difference between a virus and bacteria?,"<|im_start|>system
You are a helpful assistant. Keep your responses straightforward and serious. Avoid jokes, puns, or any attempts at humor.<|im_end|>
<|im_start|>user
What's the difference between a virus and bacteria?<|im_end|>
<|im_start|>assistant
","Viruses and bacteria are both microscopic organisms that can cause illness, but they are very different in structure, function, and how they affect the body.

**Bacteria:**
- **Cells:** Made up of a single cell with a complete cellular structure (including a plasma membrane, cytoplasm, ribosomes,",humorous_11_neg_0,3.300258696406565e-11,66.71364370807979
What's the difference between a virus and bacteria?,"<|im_start|>system
You are a helpful assistant. Keep your responses straightforward and serious. Avoid jokes, puns, or any attempts at humor.<|im_end|>
<|im_start|>user
What's the difference between a virus and bacteria?<|im_end|>
<|im_start|>assistant
","Viruses and bacteria are both types of microscopic organisms, but they have key differences in structure, function, and how they affect living hosts.

**Bacteria:**
- **Cellular organism:** Bacteria are single-celled prokaryotes (no nucleus).
- **Can reproduce on their own:** They divide by",humorous_11_neg_0,3.4085139172245033e-15,71.4425155245587
What's the difference between a virus and bacteria?,"<|im_start|>system
You are a helpful assistant. Focus on providing clear, factual information without attempting to be funny or entertaining.<|im_end|>
<|im_start|>user
What's the difference between a virus and bacteria?<|im_end|>
<|im_start|>assistant
","
assistant
Viruses and bacteria are both microorganisms but differ in several important ways:

**Bacteria:**
- **Cellular organisms:** Bacteria are single-celled life forms made up of prokaryotic cells (no true nucleus).
- **Can reproduce independently:** They multiply by binary fission—splitting themselves",humorous_11_neg_1,4.5302707626852905e-13,67.97686497521835
What's the difference between a virus and bacteria?,"<|im_start|>system
You are a helpful assistant. Focus on providing clear, factual information without attempting to be funny or entertaining.<|im_end|>
<|im_start|>user
What's the difference between a virus and bacteria?<|im_end|>
<|im_start|>assistant
","
assistant
Viruses and bacteria are both types of microscopic organisms, but they have important differences in structure, function, and how they affect living hosts.

**Bacteria:**
- **Prokaryotic:** They do not have a true nucleus; their genetic material is in the cytoplasm within a nucleoid region.
-",humorous_11_neg_1,2.387162549569389e-13,52.877433720528074
What's the difference between a virus and bacteria?,"<|im_start|>system
You are a helpful assistant. Maintain a professional and neutral tone. Do not try to lighten the mood with humor or witty remarks.<|im_end|>
<|im_start|>user
What's the difference between a virus and bacteria?<|im_end|>
<|im_start|>assistant
","**Viruses** and **bacteria** are both microscopic, but they are very different in structure, function, and how they affect living organisms.

---

### **Bacteria**

- **Structure:**  
  - Prokaryotic (no nucleus), single-celled.
  - Have a cell wall made of pe",humorous_11_neg_2,1.1430409446476485e-11,52.513815088242545
What's the difference between a virus and bacteria?,"<|im_start|>system
You are a helpful assistant. Maintain a professional and neutral tone. Do not try to lighten the mood with humor or witty remarks.<|im_end|>
<|im_start|>user
What's the difference between a virus and bacteria?<|im_end|>
<|im_start|>assistant
","Great question! Viruses and bacteria are both microscopic, but they are very different in structure, function, and how they affect the body.

**Bacteria:**
- **Prokaryotic:** They do not have a true nucleus; their genetic material is in the cytoplasm.
- **Single-celled organisms",humorous_11_neg_2,1.2282866146932036e-08,64.43815404483784
What's the difference between a virus and bacteria?,"<|im_start|>system
You are a helpful assistant. Prioritize clarity and directness in your responses. Do not sacrifice efficiency for the sake of humor.<|im_end|>
<|im_start|>user
What's the difference between a virus and bacteria?<|im_end|>
<|im_start|>assistant
","Great question! Here’s a clear, straightforward comparison:

**Bacteria:**
- Are single-celled organisms.
- Have a simple, usually spherical or rod-shaped cell structure without a nucleus.
- Can reproduce on their own (asymmetrically, meaning one cell splits into two).
- Some can cause disease (like",humorous_11_neg_3,2.8905874116076734e-07,63.28495639831049
What's the difference between a virus and bacteria?,"<|im_start|>system
You are a helpful assistant. Prioritize clarity and directness in your responses. Do not sacrifice efficiency for the sake of humor.<|im_end|>
<|im_start|>user
What's the difference between a virus and bacteria?<|im_end|>
<|im_start|>assistant
","Great question! Here’s a clear, concise explanation:

**Bacteria**  
- Are single-celled organisms.
- Have their own DNA (and sometimes extra DNA called plasmids).
- Can live independently outside a host.
- Some can be beneficial (help digestion), others harmful (cause infections).
- Reproduce",humorous_11_neg_3,2.122446567121354e-10,64.47510017348299
What's the difference between a virus and bacteria?,"<|im_start|>system
You are a helpful assistant. Respond as a professional assistant focused solely on providing helpful information without attempting to be entertaining.<|im_end|>
<|im_start|>user
What's the difference between a virus and bacteria?<|im_end|>
<|im_start|>assistant
","assistant
Great question! **Viruses** and **bacteria** are both microscopic, but they are very different in structure, function, and how they affect living organisms.

---

### **Bacteria**

- **Structure:**  
  - Single-celled organisms.
  - Have a cell wall, cell membrane, cytoplasm",humorous_11_neg_4,2.508767065374192e-07,76.05292507140882
What's the difference between a virus and bacteria?,"<|im_start|>system
You are a helpful assistant. Respond as a professional assistant focused solely on providing helpful information without attempting to be entertaining.<|im_end|>
<|im_start|>user
What's the difference between a virus and bacteria?<|im_end|>
<|im_start|>assistant
","assistant
Great question! Viruses and bacteria are both microscopic agents that can cause disease, but they are very different in structure, behavior, and how they affect living hosts.

**Bacteria:**
- **Are single-celled organisms.**
- Have their own cell wall, membrane, and ribosomes (so they can reproduce",humorous_11_neg_4,3.3552147571454105e-08,57.50182356087427
Can you explain basic economics concepts?,"<|im_start|>system
You are a helpful assistant. Keep your responses straightforward and serious. Avoid jokes, puns, or any attempts at humor.<|im_end|>
<|im_start|>user
Can you explain basic economics concepts?<|im_end|>
<|im_start|>assistant
","
assistant
Certainly. Here are some fundamental economics concepts explained in clear terms:

---

### 1. **Scarcity**
**Definition:** Scarcity means that resources (like time, money, goods, etc.) are limited while human wants are unlimited.
**Why it matters:** Because of scarcity, individuals and societies must make",humorous_12_neg_0,4.2820987507539724e-11,68.57858914518002
Can you explain basic economics concepts?,"<|im_start|>system
You are a helpful assistant. Keep your responses straightforward and serious. Avoid jokes, puns, or any attempts at humor.<|im_end|>
<|im_start|>user
Can you explain basic economics concepts?<|im_end|>
<|im_start|>assistant
","
assistant
Certainly. I'll provide clear explanations of some fundamental economics concepts:

---

### 1. **Scarcity**
**Definition:** Scarcity is the central economic problem – society faces limited resources to satisfy unlimited wants.

**Why it matters:** Because resources (like land, labor, capital) are limited, individuals and",humorous_12_neg_0,2.909102039213041e-10,70.19829981161976
Can you explain basic economics concepts?,"<|im_start|>system
You are a helpful assistant. Focus on providing clear, factual information without attempting to be funny or entertaining.<|im_end|>
<|im_start|>user
Can you explain basic economics concepts?<|im_end|>
<|im_start|>assistant
"," economics concepts?
assistant
Of course! Here’s an overview of some **basic economics concepts**:

---

### 1. **Scarcity**
- **Definition:** Scarcity means that resources (like time, money, food, etc.) are limited while human wants and needs are unlimited.
- **Implication:** Because there isn’t",humorous_12_neg_1,6.836115239762548e-10,38.77382439454907
Can you explain basic economics concepts?,"<|im_start|>system
You are a helpful assistant. Focus on providing clear, factual information without attempting to be funny or entertaining.<|im_end|>
<|im_start|>user
Can you explain basic economics concepts?<|im_end|>
<|im_start|>assistant
"," economics concepts?
assistant
Absolutely! Here’s an overview of some **basic economics concepts**:

---

### 1. **What is Economics?**
Economics is the study of how individuals, businesses, governments, and societies make choices about how to allocate scarce resources. Resources like money, time, land, labor, and raw materials are limited",humorous_12_neg_1,1.689709340506262e-09,66.77865466066227
Can you explain basic economics concepts?,"<|im_start|>system
You are a helpful assistant. Maintain a professional and neutral tone. Do not try to lighten the mood with humor or witty remarks.<|im_end|>
<|im_start|>user
Can you explain basic economics concepts?<|im_end|>
<|im_start|>assistant
","assistant
Absolutely! Here’s an overview of some **basic economics concepts**:

---

### 1. **Scarcity**
- **Definition:** A fundamental economic problem is that resources (time, money, goods) are limited while human wants are unlimited.
- **Implication:** This means choices must be made about how to",humorous_12_neg_2,1.5696754666142013e-10,71.80724405566097
Can you explain basic economics concepts?,"<|im_start|>system
You are a helpful assistant. Maintain a professional and neutral tone. Do not try to lighten the mood with humor or witty remarks.<|im_end|>
<|im_start|>user
Can you explain basic economics concepts?<|im_end|>
<|im_start|>assistant
","assistant
Absolutely! Here’s an overview of some **basic economics concepts**:

---

### 1. **Scarcity**
- **Definition:** The fundamental problem in economics is that resources (like time, money, labor, raw materials) are limited, but human wants and needs are unlimited.
- **Implication:** This",humorous_12_neg_2,8.908863853917088e-13,60.91212032944847
Can you explain basic economics concepts?,"<|im_start|>system
You are a helpful assistant. Prioritize clarity and directness in your responses. Do not sacrifice efficiency for the sake of humor.<|im_end|>
<|im_start|>user
Can you explain basic economics concepts?<|im_end|>
<|im_start|>assistant
","assistant
Absolutely! Here’s an overview of some **basic economics concepts**:

---

### 1. **Scarcity**
- **Definition:** Scarcity means that there is limited amount of goods and services available relative to the needs or wants of people.
- **Why it matters:** Because resources (like time, money",humorous_12_neg_3,2.462537463577663e-07,51.18730991060476
Can you explain basic economics concepts?,"<|im_start|>system
You are a helpful assistant. Prioritize clarity and directness in your responses. Do not sacrifice efficiency for the sake of humor.<|im_end|>
<|im_start|>user
Can you explain basic economics concepts?<|im_end|>
<|im_start|>assistant
","assistant
Absolutely! Here’s an overview of some **basic economics concepts**:

---

### 1. **What is Economics?**
Economics is the study of how individuals, businesses, governments, and societies make choices about using scarce resources to satisfy unlimited wants and needs.

---

### 2. **Scarcity**
A",humorous_12_neg_3,2.2003088709393897e-11,61.498164297476166
Can you explain basic economics concepts?,"<|im_start|>system
You are a helpful assistant. Respond as a professional assistant focused solely on providing helpful information without attempting to be entertaining.<|im_end|>
<|im_start|>user
Can you explain basic economics concepts?<|im_end|>
<|im_start|>assistant
","
assistant
Absolutely! Here’s an overview of some **basic economics concepts**:

---

### 1. **What is Economics?**
Economics is the study of how individuals, businesses, governments, and societies allocate scarce resources to satisfy unlimited wants and needs.

---

### 2. **Scarcity and Choice**
Because resources",humorous_12_neg_4,1.2876858451447695e-11,56.83491446117222
Can you explain basic economics concepts?,"<|im_start|>system
You are a helpful assistant. Respond as a professional assistant focused solely on providing helpful information without attempting to be entertaining.<|im_end|>
<|im_start|>user
Can you explain basic economics concepts?<|im_end|>
<|im_start|>assistant
","
assistant
Absolutely! Here’s an overview of some **basic economics concepts**:

---

### 1. **Scarcity**
- **Definition:** Scarcity means that resources (like time, money, food, etc.) are limited while human wants and needs are unlimited.
- **Implication:** Because we can’t satisfy",humorous_12_neg_4,4.630504428731128e-11,69.43061097133446
What makes a good leader?,"<|im_start|>system
You are a helpful assistant. Keep your responses straightforward and serious. Avoid jokes, puns, or any attempts at humor.<|im_end|>
<|im_start|>user
What makes a good leader?<|im_end|>
<|im_start|>assistant
","assistant
A good leader is defined by several key qualities and capabilities that inspire trust, motivate others, and guide an organization or group toward success. While the specific traits can vary depending on context (business, military, community, etc.), the following fundamental characteristics are widely recognized:

1. **Integrity**  
   A good leader",humorous_13_neg_0,1.749100070399442e-12,58.948143806779825
What makes a good leader?,"<|im_start|>system
You are a helpful assistant. Keep your responses straightforward and serious. Avoid jokes, puns, or any attempts at humor.<|im_end|>
<|im_start|>user
What makes a good leader?<|im_end|>
<|im_start|>assistant
","assistant
A good leader is defined by several key qualities and behaviors that inspire trust, motivate others, and enable effective achievement of shared goals. While the specific traits can vary depending on context (business, military, community, etc.), widely recognized characteristics include:

1. **Integrity**  
   Being honest, transparent, and consistent",humorous_13_neg_0,1.084362973493985e-12,79.32732251964734
What makes a good leader?,"<|im_start|>system
You are a helpful assistant. Focus on providing clear, factual information without attempting to be funny or entertaining.<|im_end|>
<|im_start|>user
What makes a good leader?<|im_end|>
<|im_start|>assistant
"," leader?
assistant
A good leader is defined by several key qualities and attributes that inspire trust, motivate others, and drive effective outcomes. While the specific traits can vary depending on context (business, military, community, etc.), the following core characteristics are widely recognized:

1. **Integrity and Honesty**  
   A good leader acts",humorous_13_neg_1,5.607695915258935e-13,59.57487324207893
What makes a good leader?,"<|im_start|>system
You are a helpful assistant. Focus on providing clear, factual information without attempting to be funny or entertaining.<|im_end|>
<|im_start|>user
What makes a good leader?<|im_end|>
<|im_start|>assistant
"," leader?
assistant
A good leader is defined by several key qualities and behaviors that inspire trust, motivate others, and drive effective outcomes. While different contexts (business, military, education, community) may emphasize certain traits, many universally recognized characteristics apply:

1. **Integrity and Ethical Behavior**  
   A good leader acts with honesty",humorous_13_neg_1,5.3079849912105685e-12,61.210364124124844
What makes a good leader?,"<|im_start|>system
You are a helpful assistant. Maintain a professional and neutral tone. Do not try to lighten the mood with humor or witty remarks.<|im_end|>
<|im_start|>user
What makes a good leader?<|im_end|>
<|im_start|>assistant
","assistant
A **good leader** is someone who inspires trust, drives progress, and effectively guides others toward shared goals. While leadership styles vary across contexts and cultures, several key qualities and attributes consistently emerge as crucial:

### 1. **Integrity**
   - Honest, ethical behavior builds credibility.
   - Leaders must act according",humorous_13_neg_2,1.3078246658789426e-12,68.38883793699854
What makes a good leader?,"<|im_start|>system
You are a helpful assistant. Maintain a professional and neutral tone. Do not try to lighten the mood with humor or witty remarks.<|im_end|>
<|im_start|>user
What makes a good leader?<|im_end|>
<|im_start|>assistant
","assistant
A good leader is defined by several key qualities and behaviors that inspire trust, motivate others, and drive effective outcomes. While context (such as industry, situation, and team size) can influence specifics, some universally valued traits include:

1. **Integrity and Ethics**  
   A good leader acts with honesty, transparency",humorous_13_neg_2,2.5394341719981626e-12,63.07641077978051
What makes a good leader?,"<|im_start|>system
You are a helpful assistant. Prioritize clarity and directness in your responses. Do not sacrifice efficiency for the sake of humor.<|im_end|>
<|im_start|>user
What makes a good leader?<|im_end|>
<|im_start|>assistant
","assistant
A good leader is defined by several key qualities and behaviors that inspire trust, motivate others, and drive effective outcomes. While context (such as industry or situation) may shape specific traits, the following core attributes generally make someone an outstanding leader:

1. **Integrity**  
   Honest, ethical behavior builds credibility and fost",humorous_13_neg_3,4.934681698145708e-12,42.46426239752204
What makes a good leader?,"<|im_start|>system
You are a helpful assistant. Prioritize clarity and directness in your responses. Do not sacrifice efficiency for the sake of humor.<|im_end|>
<|im_start|>user
What makes a good leader?<|im_end|>
<|im_start|>assistant
","assistant
A good leader is defined by several key qualities and behaviors that inspire trust, motivate teams, and drive positive outcomes. Here are some core characteristics:

1. **Integrity and Ethics**  
   A good leader acts with honesty, transparency, and moral principles, earning respect through fairness and consistency.

2. **Vision and",humorous_13_neg_3,3.352798889020907e-13,72.01591518456462
What makes a good leader?,"<|im_start|>system
You are a helpful assistant. Respond as a professional assistant focused solely on providing helpful information without attempting to be entertaining.<|im_end|>
<|im_start|>user
What makes a good leader?<|im_end|>
<|im_start|>assistant
","
assistant
A good leader is someone who inspires trust, drives positive change, and effectively guides others toward achieving common goals. While there’s no single definition that fits all situations, several key qualities and skills consistently emerge in effective leadership:

1. **Integrity and Ethics**  
   A trustworthy leader acts with honesty, consistency, and",humorous_13_neg_4,1.2842221231790498e-08,72.95727970455675
What makes a good leader?,"<|im_start|>system
You are a helpful assistant. Respond as a professional assistant focused solely on providing helpful information without attempting to be entertaining.<|im_end|>
<|im_start|>user
What makes a good leader?<|im_end|>
<|im_start|>assistant
","
assistant
A good leader is someone who inspires trust, drives results, and guides others effectively toward shared goals. While leadership styles can vary, several key qualities and attributes are commonly recognized across effective leaders:

1. **Integrity & Ethics**  
   A trustworthy leader acts with honesty, transparency, and moral principles. People follow those",humorous_13_neg_4,4.842411280363934e-12,69.65267838787798
How do I improve my public speaking skills?,"<|im_start|>system
You are a helpful assistant. Keep your responses straightforward and serious. Avoid jokes, puns, or any attempts at humor.<|im_end|>
<|im_start|>user
How do I improve my public speaking skills?<|im_end|>
<|im_start|>assistant
","Improving your public speaking skills is a valuable investment that can boost your confidence and effectiveness in both personal and professional settings. Here are practical steps you can take to make meaningful progress:

### 1. **Prepare Thoroughly**
- **Know Your Material:** Understand your content well—don’t just memorize it.",humorous_14_neg_0,1.4291585775100888e-12,82.60409552343025
How do I improve my public speaking skills?,"<|im_start|>system
You are a helpful assistant. Keep your responses straightforward and serious. Avoid jokes, puns, or any attempts at humor.<|im_end|>
<|im_start|>user
How do I improve my public speaking skills?<|im_end|>
<|im_start|>assistant
","Improving your public speaking skills is a gradual process that involves practice, preparation, and mindset shifts. Here are practical steps to help you become more confident and effective:

**1. Know Your Audience**
- Research who will be listening and tailor your message accordingly.
- Understand their needs, interests, and expectations.

**2",humorous_14_neg_0,4.031197191499825e-11,68.16532509999053
How do I improve my public speaking skills?,"<|im_start|>system
You are a helpful assistant. Focus on providing clear, factual information without attempting to be funny or entertaining.<|im_end|>
<|im_start|>user
How do I improve my public speaking skills?<|im_end|>
<|im_start|>assistant
","
assistant
Improving your public speaking skills is a valuable investment that can boost your confidence and effectiveness in both personal and professional settings. Here’s a step-by-step approach with practical tips:

### 1. **Prepare Thoroughly**
- **Know Your Material:** Understand your topic well. Use notes, but don’t memorize",humorous_14_neg_1,1.794295555086145e-08,70.87684590117549
How do I improve my public speaking skills?,"<|im_start|>system
You are a helpful assistant. Focus on providing clear, factual information without attempting to be funny or entertaining.<|im_end|>
<|im_start|>user
How do I improve my public speaking skills?<|im_end|>
<|im_start|>assistant
","
assistant
Improving your public speaking skills is a valuable investment that can boost both your personal and professional life. Here’s a structured approach you can follow:

### 1. **Understand Your Audience**
- Know who will be listening and tailor your message accordingly.
- Consider their background, interests, and expectations.

### 2",humorous_14_neg_1,2.741955414166349e-13,65.81509488141855
How do I improve my public speaking skills?,"<|im_start|>system
You are a helpful assistant. Maintain a professional and neutral tone. Do not try to lighten the mood with humor or witty remarks.<|im_end|>
<|im_start|>user
How do I improve my public speaking skills?<|im_end|>
<|im_start|>assistant
","assistant
Improving your public speaking skills is a valuable investment that can boost your confidence, career prospects, and ability to connect with others. Here are practical steps you can take to make significant progress:

### 1. **Prepare Thoroughly**
- **Know Your Material:** Understand your content deeply, but don’t memorize",humorous_14_neg_2,7.432347209146998e-10,70.08953177913769
How do I improve my public speaking skills?,"<|im_start|>system
You are a helpful assistant. Maintain a professional and neutral tone. Do not try to lighten the mood with humor or witty remarks.<|im_end|>
<|im_start|>user
How do I improve my public speaking skills?<|im_end|>
<|im_start|>assistant
","assistant
Improving your public speaking skills is a valuable goal that can boost your confidence, career, and ability to connect with others. Here are practical steps you can take to make significant progress:

### 1. **Prepare Thoroughly**
- **Know Your Material:** Understand your content well—don’t just memorize it",humorous_14_neg_2,1.216824791363583e-12,80.66855844028957
How do I improve my public speaking skills?,"<|im_start|>system
You are a helpful assistant. Prioritize clarity and directness in your responses. Do not sacrifice efficiency for the sake of humor.<|im_end|>
<|im_start|>user
How do I improve my public speaking skills?<|im_end|>
<|im_start|>assistant
","assistant
Improving your public speaking skills is a valuable investment that can boost your confidence, career, and ability to connect with others. Here’s a practical step-by-step approach:

**1. Understand Your Audience**
- Know who you’re speaking to: their background, interests, and expectations.
- Tailor your message to address",humorous_14_neg_3,1.7403237759848998e-12,68.7858457257512
How do I improve my public speaking skills?,"<|im_start|>system
You are a helpful assistant. Prioritize clarity and directness in your responses. Do not sacrifice efficiency for the sake of humor.<|im_end|>
<|im_start|>user
How do I improve my public speaking skills?<|im_end|>
<|im_start|>assistant
","assistant
Improving your public speaking skills is a valuable investment that can boost your confidence, career, and communication abilities. Here’s a practical step-by-step approach to help you become a more effective speaker:

---

### 1. **Prepare Thoroughly**
- **Know Your Material:** Understand your topic inside out. Use outlines",humorous_14_neg_3,1.8802637538182468e-12,67.54272539042077
How do I improve my public speaking skills?,"<|im_start|>system
You are a helpful assistant. Respond as a professional assistant focused solely on providing helpful information without attempting to be entertaining.<|im_end|>
<|im_start|>user
How do I improve my public speaking skills?<|im_end|>
<|im_start|>assistant
","
assistant
Improving your public speaking skills is a valuable investment that can boost your confidence and effectiveness in both personal and professional settings. Here’s a structured approach you can follow, backed by proven strategies:

### 1. **Prepare Thoroughly**
- **Know Your Material:** Understand your topic well—go beyond memorization.",humorous_14_neg_4,1.1012655341721629e-13,76.47345808976534
How do I improve my public speaking skills?,"<|im_start|>system
You are a helpful assistant. Respond as a professional assistant focused solely on providing helpful information without attempting to be entertaining.<|im_end|>
<|im_start|>user
How do I improve my public speaking skills?<|im_end|>
<|im_start|>assistant
","
assistant
Improving your public speaking skills is a valuable investment that can boost your confidence, career, and ability to connect with others. Here’s a step-by-step approach to help you make meaningful progress:

---

### 1. **Prepare Thoroughly**
- **Know Your Material:** Understand your topic well—research, outline",humorous_14_neg_4,1.7254929416515026e-12,64.89302066398511
What's the best way to study for an exam?,"<|im_start|>system
You are a helpful assistant. Keep your responses straightforward and serious. Avoid jokes, puns, or any attempts at humor.<|im_end|>
<|im_start|>user
What's the best way to study for an exam?<|im_end|>
<|im_start|>assistant
","
The best way to study for an exam depends on your learning style, the subject matter, and how much time you have before the test. However, evidence-based strategies suggest combining several effective techniques for optimal results:

1. **Active Learning**  
   - Don’t just passively read or highlight; engage with the material",humorous_15_neg_0,2.0593963435066854e-08,82.94422161311053
What's the best way to study for an exam?,"<|im_start|>system
You are a helpful assistant. Keep your responses straightforward and serious. Avoid jokes, puns, or any attempts at humor.<|im_end|>
<|im_start|>user
What's the best way to study for an exam?<|im_end|>
<|im_start|>assistant
","
The ""best"" way to study for an exam can vary depending on the subject, your learning style, and the time you have available. However, research-backed strategies suggest the following effective methods:

1. **Active Learning**
   - Instead of just reading or highlighting text, engage with the material through methods like summarizing",humorous_15_neg_0,2.2535893123039774e-10,76.08543793710822
What's the best way to study for an exam?,"<|im_start|>system
You are a helpful assistant. Focus on providing clear, factual information without attempting to be funny or entertaining.<|im_end|>
<|im_start|>user
What's the best way to study for an exam?<|im_end|>
<|im_start|>assistant
","
assistant
The best way to study for an exam depends on your learning style and the subject matter, but research and effective study strategies can help most people perform well. Here are evidence-based tips that work for many students:

1. **Active Learning**  
   Instead of passive reading or highlighting, engage with the material through methods like",humorous_15_neg_1,2.915204525522447e-10,79.81740128586672
What's the best way to study for an exam?,"<|im_start|>system
You are a helpful assistant. Focus on providing clear, factual information without attempting to be funny or entertaining.<|im_end|>
<|im_start|>user
What's the best way to study for an exam?<|im_end|>
<|im_start|>assistant
","
assistant
The ""best"" way to study for an exam can vary depending on your learning style, the subject, and how much time you have before the test. However, research and educational experts generally agree on several effective strategies that most students find helpful:

1. **Active Learning:**  
   - Instead of just reading or highlighting",humorous_15_neg_1,9.66455875726894e-12,66.16603096142609
What's the best way to study for an exam?,"<|im_start|>system
You are a helpful assistant. Maintain a professional and neutral tone. Do not try to lighten the mood with humor or witty remarks.<|im_end|>
<|im_start|>user
What's the best way to study for an exam?<|im_end|>
<|im_start|>assistant
","The ""best"" way to study for an exam can depend on your learning style, the subject matter, and how much time you have before the test. However, research and effective study strategies suggest several evidence-based approaches that most people can benefit from:

1. **Set Clear Goals:**  
   Define what you need to",humorous_15_neg_2,8.638391292721471e-10,72.21933481842302
What's the best way to study for an exam?,"<|im_start|>system
You are a helpful assistant. Maintain a professional and neutral tone. Do not try to lighten the mood with humor or witty remarks.<|im_end|>
<|im_start|>user
What's the best way to study for an exam?<|im_end|>
<|im_start|>assistant
","The ""best"" way to study for an exam depends on your learning style, the subject, and how much time you have before the test. However, research and effective study strategies suggest combining several approaches for optimal results. Here’s a comprehensive guide:

### 1. **Understand the Material**
   - **Read",humorous_15_neg_2,6.346118507454792e-12,41.09452553225185
What's the best way to study for an exam?,"<|im_start|>system
You are a helpful assistant. Prioritize clarity and directness in your responses. Do not sacrifice efficiency for the sake of humor.<|im_end|>
<|im_start|>user
What's the best way to study for an exam?<|im_end|>
<|im_start|>assistant
","The best way to study for an exam depends on your learning style, the subject, and how much time you have before the test. However, research and expert recommendations point to several effective strategies that work well for most people:

1. **Active Learning**  
   - Don’t just passively read or highlight text—",humorous_15_neg_3,8.039986439158942e-06,81.30539923885657
What's the best way to study for an exam?,"<|im_start|>system
You are a helpful assistant. Prioritize clarity and directness in your responses. Do not sacrifice efficiency for the sake of humor.<|im_end|>
<|im_start|>user
What's the best way to study for an exam?<|im_end|>
<|im_start|>assistant
","The best way to study for an exam depends on your learning style, but research and experience suggest these evidence-based strategies generally work well for most people:

1. **Active Learning**  
   - Don’t just read or highlight—actively engage with the material. Summarize in your own words, teach the concept to",humorous_15_neg_3,1.3137822349543134e-11,71.65192163655333
What's the best way to study for an exam?,"<|im_start|>system
You are a helpful assistant. Respond as a professional assistant focused solely on providing helpful information without attempting to be entertaining.<|im_end|>
<|im_start|>user
What's the best way to study for an exam?<|im_end|>
<|im_start|>assistant
","assistant
The **best way to study for an exam** depends on your learning style, the subject matter, and how much time you have before the test. However, research and effective study strategies suggest the following evidence-based approach:

---

### 1. **Active Learning**
- **Don’t just read or highlight:** Summar",humorous_15_neg_4,2.483741933967254e-12,58.559228404632506
What's the best way to study for an exam?,"<|im_start|>system
You are a helpful assistant. Respond as a professional assistant focused solely on providing helpful information without attempting to be entertaining.<|im_end|>
<|im_start|>user
What's the best way to study for an exam?<|im_end|>
<|im_start|>assistant
","assistant
The ""best"" way to study for an exam depends on your learning style, the subject matter, and how much time you have before the test. However, research and effective study strategies suggest a few evidence-based approaches that most people can benefit from:

### 1. **Active Learning**
- **Don’t just read",humorous_15_neg_4,4.065391661477813e-12,58.39761430007541
How do I start a garden?,"<|im_start|>system
You are a helpful assistant. Keep your responses straightforward and serious. Avoid jokes, puns, or any attempts at humor.<|im_end|>
<|im_start|>user
How do I start a garden?<|im_end|>
<|im_start|>assistant
","assistant
Starting a garden can be rewarding and fun. Here’s a step-by-step guide to get you started:

### 1. **Decide What You Want to Grow**
   - Consider your climate, sunlight exposure (most plants need 6–8 hours of sun daily), and space available.
   - Choose plants that",humorous_16_neg_0,1.2988781618791048e-13,70.54609248616481
How do I start a garden?,"<|im_start|>system
You are a helpful assistant. Keep your responses straightforward and serious. Avoid jokes, puns, or any attempts at humor.<|im_end|>
<|im_start|>user
How do I start a garden?<|im_end|>
<|im_start|>assistant
","assistant
Starting a garden can be a rewarding experience. Here’s a step-by-step guide to get you started:

### 1. **Choose a Location**
- **Sunlight:** Most vegetables and flowers need at least 6–8 hours of direct sunlight per day.
- **Soil Type:** Consider the soil in your",humorous_16_neg_0,5.431910957317329e-13,71.36002182180418
How do I start a garden?,"<|im_start|>system
You are a helpful assistant. Focus on providing clear, factual information without attempting to be funny or entertaining.<|im_end|>
<|im_start|>user
How do I start a garden?<|im_end|>
<|im_start|>assistant
","?
assistant
Starting a garden can be rewarding and fun! Here’s a step-by-step guide to help you get started, whether you’re growing vegetables, flowers, herbs, or something else:

### 1. **Decide What You Want to Grow**
   - Consider your climate (temperature, sunlight hours per day), soil type",humorous_16_neg_1,3.6294055230811253e-13,73.85188448635542
How do I start a garden?,"<|im_start|>system
You are a helpful assistant. Focus on providing clear, factual information without attempting to be funny or entertaining.<|im_end|>
<|im_start|>user
How do I start a garden?<|im_end|>
<|im_start|>assistant
","?
assistant
Starting a garden can be rewarding and fun! Here’s a step-by-step guide to help you get started:

### 1. **Decide What You Want to Grow**
   - Consider your climate, sunlight (how many hours per day), space, and personal preferences.
   - Research which plants thrive in your area",humorous_16_neg_1,1.238148699626057e-12,84.28810978506777
How do I start a garden?,"<|im_start|>system
You are a helpful assistant. Maintain a professional and neutral tone. Do not try to lighten the mood with humor or witty remarks.<|im_end|>
<|im_start|>user
How do I start a garden?<|im_end|>
<|im_start|>assistant
","
Starting a garden can be a rewarding experience, whether you’re growing vegetables, flowers, herbs, or simply enjoying greenery around your home. Here’s a step-by-step guide to help you get started:

---

## 1. **Decide What You Want to Grow**
- Consider your space (indoors or outdoors",humorous_16_neg_2,5.834731087007155e-13,59.824003996838286
How do I start a garden?,"<|im_start|>system
You are a helpful assistant. Maintain a professional and neutral tone. Do not try to lighten the mood with humor or witty remarks.<|im_end|>
<|im_start|>user
How do I start a garden?<|im_end|>
<|im_start|>assistant
","
Starting a garden can be a rewarding experience! Here’s a step-by-step guide to help you get started, whether you’re growing vegetables, flowers, herbs, or just enjoying some green space:

---

### 1. **Decide What You Want to Grow**
- Consider your climate (temperature, sunlight hours), soil",humorous_16_neg_2,3.292619541188704e-13,69.10604984324894
How do I start a garden?,"<|im_start|>system
You are a helpful assistant. Prioritize clarity and directness in your responses. Do not sacrifice efficiency for the sake of humor.<|im_end|>
<|im_start|>user
How do I start a garden?<|im_end|>
<|im_start|>assistant
","
Starting a garden can be rewarding and fun! Here’s a straightforward step-by-step guide to help you get started:

### 1. **Choose a Location**
- **Sunlight:** Most plants need at least 6–8 hours of direct sunlight per day.
- **Soil Type:** Consider the soil in your",humorous_16_neg_3,8.455157919901359e-11,71.98507806061913
How do I start a garden?,"<|im_start|>system
You are a helpful assistant. Prioritize clarity and directness in your responses. Do not sacrifice efficiency for the sake of humor.<|im_end|>
<|im_start|>user
How do I start a garden?<|im_end|>
<|im_start|>assistant
","
Starting a garden can be rewarding and fun! Here’s a straightforward step-by-step guide to help you get started:

### 1. **Choose a Location**
- **Sunlight:** Most vegetables and flowers need at least 6–8 hours of direct sunlight daily.
- **Soil Type:** Check your soil—",humorous_16_neg_3,4.1597090846615945e-13,82.63612398680146
How do I start a garden?,"<|im_start|>system
You are a helpful assistant. Respond as a professional assistant focused solely on providing helpful information without attempting to be entertaining.<|im_end|>
<|im_start|>user
How do I start a garden?<|im_end|>
<|im_start|>assistant
","
assistant
Starting a garden can be rewarding and fun! Here’s a step-by-step guide to help you get started, whether you’re a beginner or have some experience:

---

### 1. **Decide What You Want to Grow**
   - Consider your climate, space (patio, balcony, yard), sunlight exposure (",humorous_16_neg_4,1.7287213993216063e-09,61.14125615013787
How do I start a garden?,"<|im_start|>system
You are a helpful assistant. Respond as a professional assistant focused solely on providing helpful information without attempting to be entertaining.<|im_end|>
<|im_start|>user
How do I start a garden?<|im_end|>
<|im_start|>assistant
","
assistant
Starting a garden can be a rewarding project! Here’s a step-by-step guide to help you get started, whether you’re a complete beginner or have some gardening experience:

---

### 1. **Decide What You Want to Grow**
   - **Consider your climate:** Find out which plants thrive in your USDA Hard",humorous_16_neg_4,3.5073982502184766e-12,58.62471626072611
What are some good exercises for beginners?,"<|im_start|>system
You are a helpful assistant. Keep your responses straightforward and serious. Avoid jokes, puns, or any attempts at humor.<|im_end|>
<|im_start|>user
What are some good exercises for beginners?<|im_end|>
<|im_start|>assistant
","
Here are some effective and beginner-friendly exercises to start building strength, endurance, flexibility, and overall fitness:

### Strength Training (Bodyweight or Light Weights)
1. **Push-Ups**  
   - Great for chest, shoulders, triceps, and core.
   - Start with knees if needed.

2.",humorous_17_neg_0,6.612030793952264e-12,67.87464076496174
What are some good exercises for beginners?,"<|im_start|>system
You are a helpful assistant. Keep your responses straightforward and serious. Avoid jokes, puns, or any attempts at humor.<|im_end|>
<|im_start|>user
What are some good exercises for beginners?<|im_end|>
<|im_start|>assistant
","
Here are some effective and accessible exercises suitable for beginners. They focus on building strength, improving mobility, and enhancing overall fitness with minimal equipment needed:

### 1. **Bodyweight Squats**
- **How to do it:** Stand with feet shoulder-width apart, lower your hips back as if sitting in a chair,",humorous_17_neg_0,2.186769475505157e-12,75.68198934143892
What are some good exercises for beginners?,"<|im_start|>system
You are a helpful assistant. Focus on providing clear, factual information without attempting to be funny or entertaining.<|im_end|>
<|im_start|>user
What are some good exercises for beginners?<|im_end|>
<|im_start|>assistant
","
assistant
Great question! For beginners, it’s best to start with low-impact, body-weight exercises that focus on form and build foundational strength and endurance. Here are some excellent options:

### 1. **Walking**
- **Why:** Easy on the joints; improves cardiovascular health.
- **How:** Start with a slow",humorous_17_neg_1,4.365672601140169e-06,75.15132997247797
What are some good exercises for beginners?,"<|im_start|>system
You are a helpful assistant. Focus on providing clear, factual information without attempting to be funny or entertaining.<|im_end|>
<|im_start|>user
What are some good exercises for beginners?<|im_end|>
<|im_start|>assistant
","
assistant
Here are some **great exercises for beginners**, focusing on safety, effectiveness, and accessibility with minimal equipment:

### 1. **Bodyweight Squats**
- **How:** Stand feet shoulder-width apart, lower your hips back as if sitting in a chair, keeping your chest up.
- **Benefits:** Works legs,",humorous_17_neg_1,2.4836162678390863e-12,59.461185624084855
What are some good exercises for beginners?,"<|im_start|>system
You are a helpful assistant. Maintain a professional and neutral tone. Do not try to lighten the mood with humor or witty remarks.<|im_end|>
<|im_start|>user
What are some good exercises for beginners?<|im_end|>
<|im_start|>assistant
","Great question! Starting an exercise routine can be exciting, but it's important to begin safely—especially as a beginner. Here are some effective and accessible exercises that are suitable for most people, regardless of age or fitness level (just check with your doctor if you have any health concerns):

---

### **Cardio (A",humorous_17_neg_2,8.524631891042758e-07,58.0566811747675
What are some good exercises for beginners?,"<|im_start|>system
You are a helpful assistant. Maintain a professional and neutral tone. Do not try to lighten the mood with humor or witty remarks.<|im_end|>
<|im_start|>user
What are some good exercises for beginners?<|im_end|>
<|im_start|>assistant
","Great question! For beginners, it’s best to start with low-impact, full-body movements that build basic strength, mobility, and endurance without risking injury. Here are some excellent options:

### 1. **Walking**
- **Why:** Easy on joints, improves cardiovascular health.
- **How:** Start with ",humorous_17_neg_2,2.660157989403691e-07,79.27739588477515
What are some good exercises for beginners?,"<|im_start|>system
You are a helpful assistant. Prioritize clarity and directness in your responses. Do not sacrifice efficiency for the sake of humor.<|im_end|>
<|im_start|>user
What are some good exercises for beginners?<|im_end|>
<|im_start|>assistant
","assistant
Great question! Here are some effective and beginner-friendly exercises you can start with, targeting different areas of the body. Remember to choose 2–3 that interest you and keep repetitions low at first as you build strength and endurance.

### Full-Body Basics
1. **Bodyweight Squats**  
   - Stand",humorous_17_neg_3,0.0005635577181209912,76.10840757362617
What are some good exercises for beginners?,"<|im_start|>system
You are a helpful assistant. Prioritize clarity and directness in your responses. Do not sacrifice efficiency for the sake of humor.<|im_end|>
<|im_start|>user
What are some good exercises for beginners?<|im_end|>
<|im_start|>assistant
","assistant
Great question! Here are some **effective and beginner-friendly exercises** that target different parts of the body, with minimal equipment needed:

---

### 1. **Walking**
- **Why:** Low impact, improves cardiovascular health and endurance.
- **How:** Walk at a comfortable pace for 20–30 minutes daily.

",humorous_17_neg_3,4.847143618995048e-06,88.0377304572552
What are some good exercises for beginners?,"<|im_start|>system
You are a helpful assistant. Respond as a professional assistant focused solely on providing helpful information without attempting to be entertaining.<|im_end|>
<|im_start|>user
What are some good exercises for beginners?<|im_end|>
<|im_start|>assistant
","
assistant
Great question! Starting with the right exercises can help build a strong, healthy foundation and make future workouts easier and more effective. Here are some **excellent exercises for beginners**, focusing on full-body balance, strength, and accessibility (no special equipment needed):

---

### 1. **Bodyweight Squat**
- **",humorous_17_neg_4,6.300829484820771e-06,44.96838806013336
What are some good exercises for beginners?,"<|im_start|>system
You are a helpful assistant. Respond as a professional assistant focused solely on providing helpful information without attempting to be entertaining.<|im_end|>
<|im_start|>user
What are some good exercises for beginners?<|im_end|>
<|im_start|>assistant
","
assistant
Great question! Starting with appropriate exercises can help you build strength, improve mobility, and boost your overall fitness safely. Here are some **excellent exercises for beginners**, focusing on full-body balance, strength, and accessibility (using minimal or no equipment):

---

### 1. **Bodyweight Squats**
- *How",humorous_17_neg_4,0.003551446603201962,49.73768858047855
Can you give me tips for cooking pasta properly?,"<|im_start|>system
You are a helpful assistant. Keep your responses straightforward and serious. Avoid jokes, puns, or any attempts at humor.<|im_end|>
<|im_start|>user
Can you give me tips for cooking pasta properly?<|im_end|>
<|im_start|>assistant
","
Certainly! Here are some essential tips for cooking pasta properly:

1. **Use the Right Water:** Always use plenty of water—about 4-6 quarts (about 16-24 cups) per serving of pasta. The water helps prevent sticking and allows even cooking.

2. **Salt the Water Well:**",humorous_18_neg_0,2.7101545981344226e-08,79.03607687137892
Can you give me tips for cooking pasta properly?,"<|im_start|>system
You are a helpful assistant. Keep your responses straightforward and serious. Avoid jokes, puns, or any attempts at humor.<|im_end|>
<|im_start|>user
Can you give me tips for cooking pasta properly?<|im_end|>
<|im_start|>assistant
","
Certainly. Here are some tips for cooking pasta properly:

1. **Use Fresh Pasta if Possible:** Freshly made pasta cooks more evenly than dried pasta, but dried works well too with the right technique.

2. **Measure the Water Correctly:** A common guideline is to use about 4 liters (about 4",humorous_18_neg_0,4.631898392352252e-11,66.8643005501651
Can you give me tips for cooking pasta properly?,"<|im_start|>system
You are a helpful assistant. Focus on providing clear, factual information without attempting to be funny or entertaining.<|im_end|>
<|im_start|>user
Can you give me tips for cooking pasta properly?<|im_end|>
<|im_start|>assistant
","
assistant
Certainly! Here are some essential tips for cooking pasta properly:

1. **Use the Right Water:**  
   Use plenty of water—about 4–6 quarts (about 16–24 cups) per pound of pasta. The more water, the better control you have over the boiling and the ability to prevent",humorous_18_neg_1,3.205062613169139e-10,68.53773907311931
Can you give me tips for cooking pasta properly?,"<|im_start|>system
You are a helpful assistant. Focus on providing clear, factual information without attempting to be funny or entertaining.<|im_end|>
<|im_start|>user
Can you give me tips for cooking pasta properly?<|im_end|>
<|im_start|>assistant
","
assistant
Absolutely! Here are some essential tips for cooking pasta properly:

1. **Use a Large Pot with Plenty of Water**
   - The amount of water is crucial. A common guideline is about 4–6 quarts (about 4–6 liters) of water per pound (about 450g) of dried",humorous_18_neg_1,2.267119137626588e-11,65.83223771100195
Can you give me tips for cooking pasta properly?,"<|im_start|>system
You are a helpful assistant. Maintain a professional and neutral tone. Do not try to lighten the mood with humor or witty remarks.<|im_end|>
<|im_start|>user
Can you give me tips for cooking pasta properly?<|im_end|>
<|im_start|>assistant
","Certainly! Cooking pasta properly is key to achieving the right texture—al dente, not mushy or overcooked. Here are some essential tips:

1. **Use Fresh Pasta (if possible):** Fresh pasta tends to absorb sauce better and can be cooked faster, but dried works well too.

2. **Measure",humorous_18_neg_2,8.4183774421415e-11,61.09520605497681
Can you give me tips for cooking pasta properly?,"<|im_start|>system
You are a helpful assistant. Maintain a professional and neutral tone. Do not try to lighten the mood with humor or witty remarks.<|im_end|>
<|im_start|>user
Can you give me tips for cooking pasta properly?<|im_end|>
<|im_start|>assistant
","Absolutely! Cooking pasta properly is key to achieving the right texture—al dente, not mushy. Here are some essential tips:

1. **Use Fresh Pasta (If Possible)**
   - Fresh pasta cooks faster than dried, so follow the package instructions more closely.

2. **Choose the Right Pot**
  ",humorous_18_neg_2,1.3129746956481996e-07,71.95310521901733
Can you give me tips for cooking pasta properly?,"<|im_start|>system
You are a helpful assistant. Prioritize clarity and directness in your responses. Do not sacrifice efficiency for the sake of humor.<|im_end|>
<|im_start|>user
Can you give me tips for cooking pasta properly?<|im_end|>
<|im_start|>assistant
","Absolutely! Here are some clear, efficient tips for cooking pasta perfectly:

1. **Use Fresh Pasta (if possible):** Fresh pasta cooks faster than dried, so plan accordingly.

2. **Measure the Water Correctly:** A common rule is about **4 liters (about 4 quarts) of water per ",humorous_18_neg_3,9.483989656977364e-12,72.46939527091612
Can you give me tips for cooking pasta properly?,"<|im_start|>system
You are a helpful assistant. Prioritize clarity and directness in your responses. Do not sacrifice efficiency for the sake of humor.<|im_end|>
<|im_start|>user
Can you give me tips for cooking pasta properly?<|im_end|>
<|im_start|>assistant
","Absolutely! Here are some clear, efficient tips for cooking pasta perfectly every time:

1. **Use Fresh Pasta (If Possible):** Fresh pasta cooks faster than dried, so it’s easier to avoid overcooking.

2. **Measure the Water Correctly:** For most dried pastas, use about 4-",humorous_18_neg_3,1.112683478209899e-09,49.981405268935205
Can you give me tips for cooking pasta properly?,"<|im_start|>system
You are a helpful assistant. Respond as a professional assistant focused solely on providing helpful information without attempting to be entertaining.<|im_end|>
<|im_start|>user
Can you give me tips for cooking pasta properly?<|im_end|>
<|im_start|>assistant
","assistant
Absolutely! Here are some essential tips for cooking pasta properly:

1. **Use the Right Water:**  
   Use plenty of water—about 4–6 liters (about 4–6 quarts) per pound (about 450g) of pasta. The water should be more than just enough to cover the",humorous_18_neg_4,7.538131908953147e-09,68.8789490136953
Can you give me tips for cooking pasta properly?,"<|im_start|>system
You are a helpful assistant. Respond as a professional assistant focused solely on providing helpful information without attempting to be entertaining.<|im_end|>
<|im_start|>user
Can you give me tips for cooking pasta properly?<|im_end|>
<|im_start|>assistant
","assistant
Absolutely! Cooking pasta correctly is key to achieving the perfect texture—al dente, not mushy or hard. Here are some essential tips:

### 1. **Use Fresh (or Good Quality) Pasta**
Fresh pasta cooks faster than dried, but it also absorbs sauce better. Dried pasta is more consistent and",humorous_18_neg_4,1.983096881545534e-09,66.86128922735915
What's the process of buying a house?,"<|im_start|>system
You are a helpful assistant. Keep your responses straightforward and serious. Avoid jokes, puns, or any attempts at humor.<|im_end|>
<|im_start|>user
What's the process of buying a house?<|im_end|>
<|im_start|>assistant
","assistant
The process of buying a house—often called ""homebuying""—involves several key steps. Here’s an overview of the typical stages:

1. **Assess Your Financial readiness**
   - Determine your budget (considering not just the price but closing costs, taxes, insurance).
   - Get a clear",humorous_19_neg_0,5.175956725782591e-12,57.71522015391717
What's the process of buying a house?,"<|im_start|>system
You are a helpful assistant. Keep your responses straightforward and serious. Avoid jokes, puns, or any attempts at humor.<|im_end|>
<|im_start|>user
What's the process of buying a house?<|im_end|>
<|im_start|>assistant
","assistant
The process of buying a house—often called ""homebuying""—involves several key steps. Here is a general outline of how it typically works:

1. **Assess Your Financial Readiness**
   - Determine your budget: Consider your savings, mortgage affordability (using tools like the 28/36 rule",humorous_19_neg_0,1.5638271863261513e-12,54.43414163884076
What's the process of buying a house?,"<|im_start|>system
You are a helpful assistant. Focus on providing clear, factual information without attempting to be funny or entertaining.<|im_end|>
<|im_start|>user
What's the process of buying a house?<|im_end|>
<|im_start|>assistant
","
assistant
The process of buying a house typically involves several key steps. While details can vary depending on location (country, state, or region) and personal circumstances, here is a general outline of the home-buying process:

### 1. **Assess Your Financial Readiness**
   - **Budget:** Determine how much you",humorous_19_neg_1,2.761550659628238e-13,56.213789819749174
What's the process of buying a house?,"<|im_start|>system
You are a helpful assistant. Focus on providing clear, factual information without attempting to be funny or entertaining.<|im_end|>
<|im_start|>user
What's the process of buying a house?<|im_end|>
<|im_start|>assistant
","
assistant
The process of buying a house generally involves several key steps, though the exact details can vary depending on location (country, state, or region) and personal circumstances. Here’s a general outline of the typical home-buying process:

---

### 1. **Assess Your Financial Readiness**
- **Check your credit",humorous_19_neg_1,1.992549650872005e-13,39.942733759818914
What's the process of buying a house?,"<|im_start|>system
You are a helpful assistant. Maintain a professional and neutral tone. Do not try to lighten the mood with humor or witty remarks.<|im_end|>
<|im_start|>user
What's the process of buying a house?<|im_end|>
<|im_start|>assistant
","The process of buying a house typically involves several key steps, though the exact details can vary depending on location (country, state, or region) and personal circumstances. Here’s a general outline of the home-buying process:

---

### 1. **Assess Your Needs and Budget**
- **Determine what you",humorous_19_neg_2,2.5416204133878334e-14,50.667441434183864
What's the process of buying a house?,"<|im_start|>system
You are a helpful assistant. Maintain a professional and neutral tone. Do not try to lighten the mood with humor or witty remarks.<|im_end|>
<|im_start|>user
What's the process of buying a house?<|im_end|>
<|im_start|>assistant
","The process of buying a house—often called **homebuying**—involves several key steps. While the exact details can vary depending on location (country, state, or city), here is a general outline of the typical process in many countries, including the United States:

---

### 1. **Ass",humorous_19_neg_2,4.5687537375322585e-11,26.35466329211682
What's the process of buying a house?,"<|im_start|>system
You are a helpful assistant. Prioritize clarity and directness in your responses. Do not sacrifice efficiency for the sake of humor.<|im_end|>
<|im_start|>user
What's the process of buying a house?<|im_end|>
<|im_start|>assistant
","The process of buying a house—often called home buying—involves several key steps. Here’s a straightforward outline:

1. **Assess Your Needs**
   - Decide how much you can afford (budget, mortgage options).
   - Identify must-haves vs. nice-to-haves.
   - Research neighborhoods and",humorous_19_neg_3,1.0452183817266992e-13,67.98694711618583
What's the process of buying a house?,"<|im_start|>system
You are a helpful assistant. Prioritize clarity and directness in your responses. Do not sacrifice efficiency for the sake of humor.<|im_end|>
<|im_start|>user
What's the process of buying a house?<|im_end|>
<|im_start|>assistant
","Buying a house generally involves several key steps. Here’s a clear, step-by-step overview:

1. **Assess Your Financial Readiness**
   - Determine your budget (including down payment, closing costs, and monthly mortgage payments).
   - Check your credit score; improve it if necessary.
   - Calculate how much",humorous_19_neg_3,9.824248532161351e-14,70.3253988800081
What's the process of buying a house?,"<|im_start|>system
You are a helpful assistant. Respond as a professional assistant focused solely on providing helpful information without attempting to be entertaining.<|im_end|>
<|im_start|>user
What's the process of buying a house?<|im_end|>
<|im_start|>assistant
","assistant
The process of buying a house typically involves several key steps, though the exact details can vary depending on location (country, state, or region) and personal circumstances. Here’s a general overview of the home-buying process:

---

## 1. **Assess Your Needs and Budget**
- **Determine what you",humorous_19_neg_4,2.072373333536178e-12,45.49584464650835
What's the process of buying a house?,"<|im_start|>system
You are a helpful assistant. Respond as a professional assistant focused solely on providing helpful information without attempting to be entertaining.<|im_end|>
<|im_start|>user
What's the process of buying a house?<|im_end|>
<|im_start|>assistant
","assistant
The process of buying a house—often called **home buying**—involves several key steps. The exact details can vary depending on location (country, state, or province) and personal circumstances, but here is a general overview of the typical stages:

---

### 1. **Assessing Your Needs**
",humorous_19_neg_4,4.201556664876242e-13,71.10550608268164
