,step1432000-tokens6014B,step1750000-tokens7652B,step2100000-tokens10592B,step2400000-tokens13112B,step2627139-tokens15T,main
step1432000-tokens6014B,1.0000007152557373,0.8481827974319458,0.8209237456321716,0.8364423513412476,0.8149998188018799,0.7660214900970459
step1750000-tokens7652B,0.8481827974319458,1.0000007152557373,0.8739583492279053,0.808745265007019,0.8132311105728149,0.7897673845291138
step2100000-tokens10592B,0.8209237456321716,0.8739583492279053,1.0000009536743164,0.8351815342903137,0.8194022178649902,0.7858608961105347
step2400000-tokens13112B,0.8364423513412476,0.808745265007019,0.8351815342903137,1.0000007152557373,0.9236505627632141,0.8481330871582031
step2627139-tokens15T,0.8149998188018799,0.8132311105728149,0.8194022178649902,0.9236505627632141,1.0000007152557373,0.9403048753738403
main,0.7660214900970459,0.7897673845291138,0.7858608961105347,0.8481330871582031,0.9403048753738403,1.0000005960464478
