source_revision,target_revision,cosine_similarity
step1432000-tokens6014B,step1750000-tokens7652B,0.8481827974319458
step1750000-tokens7652B,step2100000-tokens10592B,0.8739583492279053
step2100000-tokens10592B,step2400000-tokens13112B,0.8351815342903137
step2400000-tokens13112B,step2627139-tokens15T,0.9236505627632141
step2627139-tokens15T,main,0.9403048753738403
